time_s,throttle_norm,rudder_norm,measured_speed_mps,measured_yaw_rate_rps,recursive_speed_mps,recursive_yaw_rate_rps
0.079698,0.0,0.0,0.07937,-0.035483,,
0.179698,0.0,0.0,0.091488,-0.036806,,
0.279698,0.0,0.0,0.098453,-0.024433,,
0.379698,0.0,0.0,0.101985,-0.019614,,
0.479698,0.0,0.0,0.094675,-0.031264,,
0.579698,0.0,0.0,0.084643,-0.034828,,
0.679698,0.0,0.0,0.074265,-0.021559,,
0.779698,0.0,0.0,0.063654,-0.012813,,
0.879698,0.0,0.0,0.065397,-0.022963,,
0.979698,0.0,0.0,0.07539,-0.029769,,
1.079698,0.0,0.0,0.08146,-0.013859,,
1.179698,0.0,0.0,0.084902,-0.002047,,
1.279698,0.0,0.0,0.079839,-0.014124,,
1.379698,0.0,0.0,0.069107,-0.022468,,
1.479698,0.0,0.0,0.069972,-0.011864,,
1.579698,0.0,0.0,0.078566,-0.005818,,
1.679698,0.0,0.0,0.085812,-0.012326,,
1.779698,0.0,0.0,0.092157,-0.015852,,
1.879698,0.0,0.0,0.098928,-0.013561,,
1.979698,0.0,0.0,0.105806,-0.011227,,
2.079698,0.0,0.0,0.092158,-0.010663,0.092158,-0.010663
2.179698,0.0,0.0,0.064817,-0.013919,0.08297647,-0.010657306
2.279698,0.0,0.0,0.057212,-0.019843,0.08759274,-0.010805798
2.379698,0.0,0.0,0.062823,-0.02041,0.096916825,-0.011087706
2.479698,0.0,0.0,0.075666,-0.012695,0.10119832,-0.011028903
2.579698,0.0,0.0,0.09334,-0.010173,0.10044689,-0.01042304
2.679698,0.0,0.0,0.102951,-0.018765,0.09888113,-0.009362369
2.779698,0.0,0.0,0.107168,-0.022937,0.09901737,-0.0083359275
2.879698,0.0,0.0,0.102915,-0.015678,0.10069301,-0.0079300795
2.979698,0.0,0.0,0.093026,-0.013343,0.10270668,-0.0081923865
3.079698,0.0,0.0,0.087318,-0.021816,0.104172416,-0.008461771
3.179698,0.0,0.0,0.084402,-0.025953,0.10494327,-0.008077738
3.279698,0.0,0.0,0.084964,-0.018081,0.105391026,-0.0071131038
3.379698,0.0,0.0,0.086402,-0.015318,0.10595381,-0.006240683
3.479698,0.0,0.0,0.075462,-0.025727,0.10680125,-0.005957206
3.579698,0.0,0.0,0.056273,-0.031165,0.10779799,-0.00609589
3.679698,0.0,0.0,0.052996,-0.021013,0.10870181,-0.0060995957
3.779698,0.0,0.0,0.060321,-0.014151,0.109387174,-0.0056455033
3.879698,0.0,0.0,0.061996,-0.02467,0.10991783,-0.0049256585
3.979698,0.0,0.0,0.0599,-0.03638,0.11044639,-0.004364052
4.079698,0.0,0.0,0.061311,-0.026358,0.11106218,-0.0041553867
4.179698,0.0,0.0,0.06507,-0.014917,0.11172808,-0.0041156695
4.279698,0.0,0.0,0.076091,-0.02259,0.11234354,-0.0039339354
4.379698,0.0,0.0,0.091951,-0.03772,0.112851724,-0.0035017796
4.479698,0.0,0.0,0.086035,-0.034987,0.11328394,-0.0029815375
4.579698,0.0,0.0,0.065619,-0.023429,0.11371272,-0.0025952898
4.679698,0.0,0.0,0.059192,-0.026642,0.114175506,-0.002395252
4.779698,0.0,0.0,0.062088,-0.038913,0.11464698,-0.0022448993
4.879698,0.0,0.0,0.069325,-0.039991,0.11507711,-0.0019891318
4.979698,0.0,0.0,0.079452,-0.031997,0.11544538,-0.001610118
5.079698,0.0,0.0,0.079478,-0.029624,0.11577557,-0.0012183953
5.179698,0.0,0.0,0.064134,-0.035271,0.116104685,-0.0009195704
5.279698,0.0,0.0,0.054442,-0.04114,0.11644504,-0.0007114656
5.379698,0.0,0.0,0.048515,-0.042067,0.1167779,-0.0005069291
5.479698,0.0,0.0,0.06151,-0.040535,0.11707861,-0.00023574702
5.579698,0.0,0.0,0.087145,-0.042667,0.1173426,8.9670124e-05
5.679698,0.0,0.0,0.083364,-0.045528,0.11758666,0.0004024171
5.779698,0.0,0.0,0.059916,-0.044891,0.117828935,0.00065739395
5.879698,0.0,0.0,0.05567,-0.044824,0.1180715,0.0008714681
5.979698,0.0,0.0,0.056236,-0.047779,0.11830204,0.0010950316
6.079698,0.0,0.0,0.06182,-0.048795,0.118509285,0.0013560865
6.179698,0.0,0.0,0.070756,-0.046985,0.11869447,0.0016370646
6.279698,0.0,0.0,0.077742,-0.048046,0.11886824,0.0019008865
6.379698,0.0,0.0,0.083427,-0.056111,0.11903885,0.0021312134
6.479698,0.0,0.0,0.087528,-0.060408,0.1192051,0.0023445731
6.579698,0.0,0.0,0.090571,-0.050142,0.11935968,0.0025678466
6.679698,0.0,0.0,0.075455,-0.04169,0.11949804,0.0028098885
6.779698,0.0,0.0,0.048234,-0.047425,0.11962284,0.0030563176
6.879698,0.0,0.0,0.051896,-0.05775,0.11974025,0.0032881557
6.979698,0.0,0.0,0.076177,-0.053931,0.1198537,0.003501416
7.079698,0.0,0.0,0.068642,-0.042192,0.11996139,0.0037081896
7.179698,0.0,0.0,0.039831,-0.043665,0.12005939,0.0039217146
7.279698,0.0,0.0,0.044842,-0.054432,0.12014638,0.004143171
7.379698,0.0,0.0,0.058327,-0.053224,0.120224684,0.0043628695
7.479698,0.0,0.0,0.057697,-0.043342,0.120297655,0.004571897
7.579698,0.0,0.0,0.053524,-0.04502,0.12036655,0.0047707786
7.679698,0.0,0.0,0.043749,-0.052226,0.12042986,0.004967181
7.779698,0.0,0.0,0.030243,-0.050987,0.12048579,0.0051670447
7.879698,0.0,0.0,0.037642,-0.044916,0.12053419,0.0053691086
7.979698,0.0,0.0,0.058981,-0.044498,0.120576814,0.0055675586
8.079698,0.0,0.0,0.068302,-0.048702,0.120615356,0.0057586497
8.179698,0.0,0.0,0.069581,-0.051708,0.12065014,0.005944041
8.279698,0.0,0.0,0.070295,-0.047719,0.12068025,0.0061281524
8.379698,0.0,0.0,0.070632,-0.044787,0.120704904,0.0063133193
8.479698,0.0,0.0,0.065459,-0.048798,0.12072443,0.006497938
8.579698,0.0,0.0,0.056597,-0.054596,0.120739944,0.0066788187
8.679698,0.0,0.0,0.047897,-0.053068,0.12075226,0.0068546534
8.779698,0.0,0.0,0.039238,-0.04696,0.12076142,0.0070269895
8.879698,0.0,0.0,0.036912,-0.048174,0.1207669,0.0071981824
8.979698,0.0,0.0,0.038803,-0.055902,0.120768465,0.0073689586
9.079698,0.0,0.0,0.052166,-0.060377,0.12076652,0.0075380397
9.179698,0.0,0.0,0.073199,-0.056373,0.12076172,0.00770381
9.279698,0.0,0.0,0.066698,-0.047406,0.12075446,0.007865999
9.379698,0.0,0.0,0.041851,-0.048733,0.12074466,0.008025718
9.479698,0.0,0.0,0.026631,-0.060891,0.120732136,0.008184141
9.579698,0.0,0.0,0.017835,-0.058883,0.12071689,0.008341357
9.679698,0.0,0.0,0.016981,-0.048491,0.12069921,0.008496519
9.779698,0.0,0.0,0.021419,-0.051018,0.12067946,0.008648885
9.879698,0.0,0.0,0.030562,-0.057444,0.120657854,0.008798554
9.979698,0.104807,0.0,0.04284,-0.057864,0.12063441,0.00894623
10.079698,0.137451,0.0,0.043494,-0.056532,0.12192927,0.012162621
10.179698,0.179937,0.0,0.041221,-0.058924,0.13478388,0.017725078
10.279698,0.199992,0.0,0.076145,-0.04159,0.1556779,0.024866385
10.379698,0.217479,0.0,0.135863,-0.046269,0.17879283,0.031481795
10.479698,0.2175,0.0,0.216275,-0.056064,0.20092966,0.03729654
10.579698,0.2175,0.0,0.310465,-0.049302,0.21951154,0.04346513
10.679698,0.212503,0.0,0.446894,-0.023522,0.23562999,0.050981052
10.779698,0.2125,0.0,0.611421,0.003695,0.25138322,0.0588381
10.879698,0.210002,0.0,0.663889,0.022405,0.26797333,0.06559084
10.979698,0.205008,0.0,0.641711,0.041816,0.2857875,0.070696235
11.079698,0.205,0.0,0.680541,0.063605,0.30284455,0.07476223
11.179698,0.205,0.0,0.812087,0.074185,0.3187165,0.07902468
11.279698,0.202503,0.0,0.91283,0.08101,0.33464855,0.08388992
11.379698,0.2025,0.0,0.99307,0.084909,0.35154665,0.08874862
11.479698,0.2025,0.0,1.0405,0.092826,0.36921814,0.09287511
11.579698,0.2025,0.0,1.079692,0.085103,0.38775858,0.096136004
11.679698,0.2025,0.0,1.110187,0.079894,0.40716556,0.098913096
11.779698,0.2025,0.0,1.134878,0.07917,0.4273585,0.10164905
11.879698,0.200001,0.0,1.157472,0.070434,0.44822666,0.10441536
11.979698,0.2,0.0,1.178671,0.056333,0.4695751,0.10680879
12.079698,0.2,0.0,1.226149,0.060629,0.4858378,0.10961137
12.179698,0.2,0.0,1.29115,0.03704,0.49811015,0.11253149
12.279698,0.195003,0.0,1.265566,0.038315,0.5090998,0.114832476
12.379698,0.195,0.0,1.179527,0.034984,0.5202895,0.11594061
12.479698,0.195,0.0,1.151194,0.023456,0.531048,0.116308704
12.579698,0.195,0.0,1.161295,0.037009,0.54161716,0.11640692
12.679698,0.195,0.0,1.175325,0.029705,0.55228305,0.11649188
12.779698,0.195,0.0,1.190343,0.047044,0.56322545,0.11650952
12.879698,0.195,0.0,1.223442,0.031395,0.5744282,0.11640994
12.979698,0.195,0.0,1.268577,0.039359,0.5857444,0.11601847
13.079698,0.195,0.0,1.266205,0.034792,0.59715515,0.115234
13.179698,0.192503,0.0,1.232101,0.032516,0.608461,0.11417129
13.279698,0.1925,0.0,1.225379,0.020619,0.6193426,0.11290905
13.379698,0.1925,0.0,1.236955,0.022971,0.6300302,0.11153722
13.479698,0.1925,0.0,1.241424,0.026641,0.6407441,0.11006134
13.579698,0.1925,0.0,1.241164,0.014359,0.65149206,0.10846061
13.679698,0.1925,0.0,1.204085,0.03163,0.6621815,0.106722884
13.779698,0.1925,0.0,1.142476,0.014021,0.67295223,0.10492009
13.879698,0.1925,0.0,1.160795,0.01929,0.6837223,0.103068076
13.979698,0.1925,0.0,1.23234,0.024522,0.6945513,0.10112992
14.079698,0.1925,0.0,1.236226,0.02391,0.7053534,0.09910678
14.179698,0.1925,0.0,1.223057,0.024138,0.7160636,0.09703118
14.279698,0.1925,0.0,1.223186,0.010225,0.72682506,0.094946414
14.379698,0.1925,0.0,1.232179,0.015084,0.7379435,0.09281661
14.479698,0.1925,0.0,1.211721,0.013066,0.7491636,0.09064925
14.579698,0.1925,0.0,1.171648,0.024605,0.7602256,0.08847504
14.679698,0.1925,0.0,1.182332,0.027078,0.7711219,0.08631414
14.779698,0.1925,0.0,1.226872,0.020563,0.78196687,0.08416929
14.879698,0.1925,0.0,1.215629,0.037477,0.79281825,0.082036465
14.979698,0.1925,0.0,1.167092,0.022417,0.80365217,0.07990979
15.079698,0.1925,0.0,1.166093,0.031112,0.81442994,0.07779069
15.179698,0.1925,0.0,1.196851,0.017611,0.82514095,0.07569123
15.279698,0.1925,0.0,1.220662,0.028765,0.83598435,0.073608056
15.379698,0.1925,0.0,1.239839,0.030583,0.846866,0.07155632
15.479698,0.1925,0.0,1.250363,0.036794,0.8576475,0.06955002
15.579698,0.1925,0.0,1.258706,0.034317,0.8683004,0.06759072
15.679698,0.1925,0.0,1.246782,0.023896,0.8788684,0.0656729
15.779698,0.1925,0.0,1.221385,0.016213,0.88937986,0.063793644
15.879698,0.1925,0.0,1.212723,0.023584,0.89982283,0.06195198
15.979698,0.1925,0.0,1.215212,0.017949,0.91017306,0.06014865
16.079698,0.1925,0.0,1.219198,0.016081,0.9204185,0.058386732
16.179698,0.1925,0.0,1.224184,0.031441,0.93055826,0.056669883
16.279698,0.1925,0.0,1.222737,0.010682,0.94059104,0.054999538
16.379698,0.1925,0.0,1.216992,0.026501,0.9505104,0.053374518
16.479698,0.1925,0.0,1.227722,0.017776,0.9603078,0.051793013
16.579698,0.1925,0.0,1.249436,0.030818,0.96997607,0.05025439
16.679698,0.1925,0.0,1.244723,0.012496,0.9795099,0.04875912
16.779698,0.1925,0.0,1.222414,0.02997,0.9889042,0.04730764
16.879698,0.1925,0.0,1.19406,0.028765,0.9981534,0.04589961
16.979698,0.1925,0.0,1.164188,0.043013,1.007252,0.044534102
17.079698,0.1925,0.0,1.167894,0.024005,1.0161949,0.04321018
17.179698,0.1925,0.0,1.193989,0.030077,1.0249778,0.041927148
17.279698,0.1925,0.0,1.212962,0.027596,1.0335965,0.04068445
17.379698,0.1925,0.0,1.227195,0.024706,1.0420474,0.039481465
17.479698,0.1925,0.0,1.224441,0.03277,1.050327,0.038317412
17.579698,0.1925,0.0,1.217412,0.023914,1.0584322,0.037191447
17.679698,0.1925,0.0,1.209244,0.033641,1.0663607,0.036102712
17.779698,0.1925,0.0,1.20079,0.033541,1.0741103,0.0350504
17.879698,0.1925,0.0,1.219979,0.04346,1.0816793,0.034033693
17.979698,0.1925,0.0,1.257602,0.025059,1.0890666,0.03305176
18.079698,0.1925,0.0,1.266044,0.02157,1.0962712,0.032103747
18.179698,0.1925,0.0,1.267127,0.023669,1.1032926,0.031188795
18.279698,0.1925,0.0,1.267265,0.025243,1.1101309,0.030306056
18.379698,0.1925,0.0,1.266772,0.020501,1.1167864,0.029454678
18.479698,0.1925,0.0,1.257322,0.018351,1.1232597,0.02863381
18.579698,0.1925,0.0,1.241913,0.02342,1.1295518,0.02784261
18.679698,0.1925,0.0,1.246779,0.009159,1.135664,0.027080232
18.779698,0.1925,0.0,1.265152,0.010726,1.141598,0.026345842
18.879698,0.1925,0.0,1.270202,0.010421,1.1473556,0.025638618
18.979698,0.1925,0.0,1.266382,0.024367,1.152939,0.024957737
19.079698,0.1925,0.0,1.262428,0.019087,1.1583503,0.024302403
19.179698,0.1925,0.0,1.258385,0.019995,1.1635925,0.023671823
19.279698,0.1925,0.0,1.233434,0.039433,1.168668,0.023065202
19.379698,0.1925,0.0,1.194567,0.023392,1.1735799,0.02248176
19.479698,0.1925,0.0,1.192013,0.019601,1.1783311,0.021920752
19.579698,0.1925,0.0,1.198566,0.023938,1.182925,0.021381427
19.679698,0.1925,0.0,1.202736,0.039686,1.1873647,0.020863067
19.779698,0.1925,0.0,1.205315,0.032525,1.1916537,0.020364955
19.879698,0.1925,0.0,1.223259,0.02232,1.1957954,0.019886395
19.979698,0.1925,0.0,1.245051,0.031893,1.1997935,0.019426698
20.079698,0.1925,0.0,1.236111,0.032226,1.2036514,0.018985208
20.179698,0.1925,0.0,1.206629,0.026745,1.2073728,0.018561266
20.279698,0.1925,0.0,1.209506,0.024184,1.2109611,0.018154247
20.379698,0.1925,0.0,1.233942,0.020627,1.2144202,0.017763544
20.479698,0.1925,0.0,1.224646,0.034024,1.2177536,0.017388556
20.579698,0.1925,0.0,1.192901,0.034022,1.220965,0.017028699
20.679698,0.1925,0.0,1.203808,0.034486,1.2240579,0.016683394
20.779698,0.1925,0.0,1.243183,0.029329,1.2270359,0.016352104
20.879698,0.1925,0.0,1.230265,0.025232,1.2299025,0.016034307
20.979698,0.1925,0.0,1.204222,0.030131,1.2326612,0.01572949
21.079698,0.1925,0.0,1.212083,0.018474,1.2353154,0.015437147
21.179698,0.1925,0.0,1.242645,0.02869,1.2378684,0.015156791
21.279698,0.1925,0.0,1.243523,0.019916,1.2403237,0.014887962
21.379698,0.1925,0.0,1.224634,0.022302,1.2426844,0.01463022
21.479698,0.1925,0.0,1.20544,0.024158,1.2449536,0.014383138
21.579698,0.1925,0.0,1.186042,0.028574,1.2471347,0.014146282
21.679698,0.1925,0.0,1.211428,0.034193,1.2492306,0.013919231
21.779698,0.1925,0.0,1.248082,0.035411,1.2512443,0.013701609
21.879698,0.1925,0.0,1.246157,0.028922,1.2531786,0.013493046
21.979698,0.1925,0.0,1.218541,0.031897,1.2550365,0.013293182
22.079698,0.1925,0.0,1.19927,0.034803,1.2568206,0.013101661
22.179698,0.1925,0.0,1.185576,0.030088,1.2585336,0.012918148
22.279698,0.1925,0.0,1.213647,0.032136,1.2601781,0.012742316
22.379698,0.1925,0.0,1.252205,0.023583,1.2617567,0.012573852
22.479698,0.1925,0.0,1.247484,0.017087,1.2632718,0.012412451
22.579698,0.1925,0.0,1.213916,0.013751,1.2647258,0.012257828
22.679698,0.1925,0.0,1.206521,0.016344,1.2661209,0.012109703
22.779698,0.1925,0.0,1.216603,0.007352,1.2674594,0.0119678145
22.879698,0.1925,0.0,1.229092,0.011009,1.2687435,0.011831909
22.979698,0.1925,0.0,1.242184,0.013697,1.2699753,0.011701739
23.079698,0.1925,0.0,1.229349,0.019954,1.2711568,0.0115770595
23.179698,0.1925,0.0,1.19924,0.027887,1.2722899,0.011457647
23.279698,0.1925,0.0,1.193194,0.01493,1.2733765,0.011343287
23.379698,0.1925,0.0,1.203174,0.013807,1.2744184,0.011233766
23.479698,0.1925,0.0,1.213811,0.012358,1.2754173,0.011128884
23.579698,0.1925,0.0,1.224886,0.009588,1.276375,0.011028441
23.679698,0.1925,0.0,1.227622,0.018282,1.2772932,0.010932262
23.779698,0.1925,0.0,1.228269,0.021287,1.2781733,0.0108401645
23.879698,0.1925,0.0,1.239593,0.025923,1.279017,0.010751969
23.979698,0.1925,0.0,1.25802,0.014733,1.2798256,0.010667518
24.079698,0.1925,0.0,1.245345,0.02014,1.2806005,0.01058665
24.179698,0.1925,0.0,1.211871,0.028812,1.2813432,0.010509229
24.279698,0.1925,0.0,1.20722,0.025684,1.2820549,0.010435104
24.379698,0.1925,0.0,1.221783,0.036079,1.2827369,0.0103641255
24.479698,0.1925,0.0,1.21276,0.025491,1.2833904,0.010296165
24.579698,0.1925,0.0,1.188031,0.02204,1.2840165,0.010231104
24.679698,0.1925,0.0,1.195429,0.011834,1.2846164,0.010168814
24.779698,0.1925,0.0,1.224195,0.015746,1.285191,0.010109183
24.879698,0.1925,0.0,1.22592,0.01245,1.2857417,0.010052092
24.979698,0.1925,0.0,1.209623,0.020149,1.2862692,0.009997439
25.079698,0.1925,0.0,1.18966,0.026398,1.2867745,0.009945112
25.179698,0.1925,0.0,1.168771,0.029075,1.2872585,0.009895022
25.279698,0.1925,0.0,1.174052,0.030477,1.2877221,0.009847063
25.379698,0.1925,0.0,1.196744,0.041386,1.2881662,0.009801158
25.479698,0.1925,0.0,1.197117,0.048766,1.2885915,0.009757212
25.579698,0.1925,0.0,1.182638,0.041774,1.2889988,0.009715142
25.679698,0.1925,0.0,1.17398,0.042883,1.2893889,0.009674875
25.779698,0.1925,0.0,1.169205,0.035024,1.2897624,0.009636327
25.879698,0.1925,0.0,1.183165,0.029712,1.2901201,0.009599424
25.979698,0.1925,0.0,1.209653,0.031901,1.2904629,0.009564096
26.079698,0.1925,0.0,1.213875,0.024624,1.290791,0.009530276
26.179698,0.1925,0.0,1.203191,0.031707,1.2911053,0.0094979005
26.279698,0.1925,0.0,1.211295,0.025594,1.2914062,0.009466909
26.379698,0.1925,0.0,1.224121,0.025821,1.2916943,0.009437249
26.479698,0.1925,0.0,1.223614,0.024538,1.2919701,0.009408862
26.579698,0.1925,0.0,1.214225,0.022436,1.2922343,0.009381691
26.679698,0.1925,0.0,1.220263,0.027675,1.2924873,0.009355671
26.779698,0.1925,0.0,1.236571,0.018917,1.2927295,0.009330772
26.879698,0.1925,0.0,1.232505,0.029325,1.2929614,0.009306936
26.979698,0.1925,0.0,1.214856,0.031107,1.2931833,0.009284124
27.079698,0.1925,0.0,1.203067,0.031841,1.2933959,0.009262286
27.179698,0.1925,0.0,1.192756,0.032894,1.2935994,0.0092413835
27.279698,0.1925,0.0,1.190674,0.029684,1.2937942,0.009221383
27.379698,0.1925,0.0,1.194081,0.04061,1.2939807,0.009202234
27.479698,0.1925,0.0,1.212963,0.036169,1.2941593,0.0091838995
27.579698,0.1925,0.0,1.242182,0.033038,1.2943302,0.009166346
27.679698,0.1925,0.0,1.231328,0.029713,1.2944939,0.009149551
27.779698,0.1925,0.0,1.210408,0.033448,1.2946506,0.009133487
27.879698,0.1925,0.0,1.211891,0.024972,1.2948005,0.009118108
27.979698,0.1925,0.0,1.22828,0.030743,1.2949442,0.009103385
28.079698,0.1925,0.0,1.219869,0.032879,1.2950816,0.009089292
28.179698,0.1925,0.0,1.194926,0.027608,1.2952132,0.0090757925
28.279698,0.1925,0.0,1.185652,0.031667,1.2953392,0.009062871
28.379698,0.194997,0.0,1.186818,0.026374,1.2954599,0.009050523
28.479698,0.195,0.0,1.19279,0.039701,1.2959586,0.009143506
28.579698,0.195,0.0,1.201966,0.039441,1.2969226,0.0092853075
28.679698,0.195,0.0,1.204571,0.034915,1.2980193,0.009383977
28.779698,0.195,0.0,1.202803,0.034958,1.2989923,0.009422531
28.879698,0.195,0.0,1.190665,0.037441,1.2998513,0.009434912
28.979698,0.195,0.0,1.171605,0.041488,1.3003814,0.009394734
29.079698,0.195,0.0,1.184509,0.040904,1.3007908,0.009334683
29.179698,0.195,0.0,1.218788,0.037657,1.301238,0.009280777
29.279698,0.195,0.0,1.227882,0.039237,1.3017116,0.009233394
29.379698,0.165019,0.0,1.220202,0.039237,1.3021518,0.00918371
29.479698,0.145013,0.0,1.198706,0.040765,1.2976972,0.007864063
29.579698,0.105035,0.0,1.167992,0.039925,1.2844241,0.0051891636
29.679698,4.4e-05,0.0,1.112632,0.022359,1.2597741,0.001345122
29.779698,0.0,0.0,1.040845,0.024565,1.2139837,-0.004815953
29.879698,0.0,0.0,0.972092,0.014382,1.1526562,-0.009486336
29.979698,0.0,0.0,0.905358,0.027861,1.0951201,-0.010285875
30.079698,0.0,0.0,0.859143,0.02288,1.0501943,-0.009851564
30.179698,0.0,0.0,0.826632,0.021636,1.0158603,-0.010575898
30.279698,0.0,0.0,0.811093,0.019079,0.9912686,-0.011572066
30.379698,0.0,0.0,0.806884,0.013085,0.96842414,-0.012303629
30.479698,0.0,0.0,0.799415,0.008367,0.94518787,-0.012343213
30.579698,0.0,0.0,0.79113,0.006231,0.9231373,-0.011681092
30.679698,0.0,0.0,0.785375,0.003345,0.9043788,-0.010557731
30.779698,0.0,0.0,0.781305,0.004339,0.8907511,-0.008621537
30.879698,0.0,0.0,0.747398,0.004932,0.87812245,-0.0066190083
30.979698,0.0,0.0,0.693619,0.007764,0.8637669,-0.005147317
31.079698,0.0,0.0,0.652865,0.005611,0.8481782,-0.0041283085
31.179698,0.0,0.0,0.62081,0.005738,0.83272475,-0.0031800591
31.279698,0.0,0.0,0.613889,0.002932,0.81780267,-0.0021266588
31.379698,0.0,0.0,0.623721,0.002511,0.80302703,-0.0010992509
31.479698,0.0,0.0,0.612284,-0.004027,0.78921264,-0.00022824644
31.579698,0.0,0.0,0.58667,0.000263,0.7764839,0.0004767719
31.679698,0.0,0.0,0.580095,0.000412,0.76522446,0.0010998892
31.779698,0.0,0.0,0.586223,-0.005058,0.7580276,0.0014492758
31.879698,0.0,0.0,0.583292,-0.003067,0.75189614,0.0017437066
31.979698,0.0,0.0,0.578091,-0.004422,0.7441469,0.0023170563
32.079698,0.0,0.0,0.559736,-0.004347,0.73487025,0.0032095783
32.179698,0.0,0.0,0.532597,-0.007578,0.7253995,0.004156919
32.279698,0.0,0.0,0.518631,-0.010621,0.7163863,0.0049021686
32.379698,0.0,0.0,0.513465,-0.011476,0.7075737,0.0053650923
32.479698,0.0,0.0,0.482943,-0.012997,0.698528,0.005659351
32.579698,0.0,0.0,0.435531,-0.00936,0.6891194,0.005970248
32.679698,0.0,0.0,0.430438,-0.007947,0.67946875,0.0063921693
32.779698,0.0,0.0,0.453637,-0.003198,0.66971886,0.006869766
32.879698,0.0,0.0,0.444298,0.004199,0.6599225,0.0072847586
32.979698,0.0,0.0,0.413312,0.006167,0.65006095,0.0075800684
33.079698,0.0,0.0,0.392254,0.004966,0.6401003,0.0077970275
33.179698,0.0,0.0,0.377823,0.01112,0.63002837,0.008013212
33.279698,0.0,0.0,0.383057,0.009808,0.6198635,0.00826483
33.379698,0.0,0.0,0.401383,0.014363,0.6096418,0.00852836
33.479698,0.0,0.0,0.393252,0.014354,0.59939563,0.008760634
33.579698,0.0,0.0,0.367468,0.00701,0.58914065,0.008944448
33.679698,0.0,0.0,0.362783,0.01589,0.5788792,0.009097649
33.779698,0.0,0.0,0.372183,0.013836,0.5686141,0.00924848
33.879698,0.0,0.0,0.353165,0.007031,0.5583586,0.009408748
33.979698,0.0,0.0,0.315213,0.009072,0.5481339,0.009569022
34.079698,0.0,0.0,0.317732,0.00603,0.53796047,0.009713914
34.179698,0.0,0.0,0.347248,0.011669,0.5278516,0.00983834
34.279698,0.0,0.0,0.32066,0.006294,0.5178147,0.009950113
34.379698,0.0,0.0,0.279986,0.009226,0.5078566,0.0100602405
34.479698,0.0,0.0,0.295004,0.013267,0.49798742,0.010172813
34.579698,0.0,0.0,0.324048,0.017135,0.48821977,0.010283651
34.679698,0.0,0.0,0.295606,0.020565,0.47856545,0.010386719
34.779698,0.0,0.0,0.252777,0.024413,0.469033,0.010480575
34.879698,0.0,0.0,0.259583,0.024011,0.45962808,0.010568988
34.979698,0.0,0.0,0.27885,0.02515,0.4503557,0.010656592
35.079698,0.0,0.0,0.271671,0.026473,0.44122195,0.010744742
35.179698,0.0,0.0,0.246828,0.029634,0.43223348,0.010831306
35.279698,0.0,0.0,0.241687,0.029971,0.4233962,0.010913721
35.379698,0.0,0.0,0.249701,0.026475,0.4147143,0.01099172
35.479698,0.0,0.0,0.245118,0.026667,0.4061906,0.011067268
35.579698,0.0,0.0,0.237368,0.036606,0.39782748,0.011142414
35.679698,0.0,0.0,0.248174,0.041683,0.3896275,0.0112174945
35.779698,0.0,0.0,0.271319,0.047426,0.38159326,0.011291343
35.879698,0.0,0.0,0.269221,0.055147,0.37372687,0.011362842
35.979698,0.0,0.0,0.260783,0.058117,0.36602947,0.011432107
36.079698,0.0,0.0,0.253712,0.051933,0.35850146,0.011500208
36.179698,0.0,0.0,0.247551,0.056045,0.35114297,0.011568061
36.279698,0.0,0.0,0.222093,0.059079,0.34395412,0.011635669
36.379698,0.0,0.0,0.183776,0.058023,0.33693486,0.011702387
36.479698,0.0,0.0,0.173712,0.059911,0.33008492,0.01176775
36.579698,0.0,0.0,0.182495,0.061189,0.32340342,0.011831948
36.679698,0.0,0.0,0.198331,0.066894,0.31688908,0.011895584
36.779698,0.0,0.0,0.218873,0.079843,0.31054047,0.011959062
36.879698,0.0,0.0,0.220726,0.083673,0.30435613,0.012022295
36.979698,0.0,0.0,0.210146,0.08899,0.29833445,0.012084936
37.079698,0.0,0.0,0.194199,0.095222,0.29247364,0.012146811
37.179698,0.0,0.0,0.174674,0.092023,0.28677163,0.012208106
37.279698,0.0,0.0,0.151505,0.08303,0.28122613,0.012269148
37.379698,0.0,0.0,0.12742,0.083473,0.27583474,0.012330091
37.479698,0.0,0.0,0.124038,0.08587,0.2705951,0.012390848
37.579698,0.0,0.0,0.12585,0.092798,0.26550475,0.012451247
37.679698,0.0,0.0,0.135581,0.100569,0.26056108,0.012511247
37.779698,0.0,0.0,0.150582,0.112295,0.25576133,0.012570974
37.879698,0.0,0.0,0.144614,0.123992,0.25110272,0.012630592
37.979698,0.0,0.0,0.124679,0.127954,0.24658243,0.012690157
38.079698,0.0,0.0,0.136574,0.119299,0.24219763,0.012749604
38.179698,0.0,0.0,0.169748,0.11618,0.23794545,0.012808849
38.279698,0.0,0.0,0.178839,0.116267,0.23382299,0.0128678875
38.379698,0.0,0.0,0.17186,0.105846,0.2298273,0.012926792
38.479698,0.0,0.0,0.155802,0.10683,0.22595535,0.012985646
38.579698,0.0,0.0,0.137469,0.115477,0.2222043,0.013044471
38.679698,0.0,0.0,0.118837,0.121882,0.21857111,0.013103211
38.779698,0.0,0.0,0.100006,0.134358,0.21505292,0.013161815
38.879698,0.0,0.0,0.095095,0.140873,0.2116468,0.013220285
38.979698,0.0,0.0,0.099457,0.134581,0.20834985,0.0132786725
39.079698,0.0,0.0,0.11016,0.120827,0.20515922,0.013337008
39.179698,0.0,0.0,0.125092,0.109287,0.20207198,0.013395287
39.279698,0.0,0.0,0.128986,0.103361,0.19908534,0.013453481
39.379698,0.0,0.0,0.125528,0.1005,0.19619659,0.013511552
39.479698,0.0,0.0,0.115909,0.109636,0.19340292,0.013569496
39.579698,0.0,0.0,0.102182,0.126008,0.19070165,0.013627326
39.679698,0.0,0.0,0.094051,0.14204,0.18809013,0.01368507
39.779698,0.0,0.0,0.089651,0.147611,0.1855657,0.013742715
39.879698,0.0,0.0,0.102633,0.140816,0.18312584,0.013800227
39.979698,0.0,0.0,0.119972,0.127268,0.18076806,0.013857579
40.079698,0.0,0.0,0.140737,0.110309,0.17848986,0.01391477
40.179698,0.0,0.0,0.163785,0.09218,0.17628884,0.013971814
40.279698,0.0,0.0,0.140068,0.096545,0.17416263,0.014028714
40.379698,0.0,0.0,0.085184,0.11792,0.1721089,0.014085448
40.479698,0.0,0.0,0.073194,0.135848,0.17012538,0.014141993
40.579698,0.0,0.0,0.08987,0.138674,0.16820988,0.014198323
40.679698,0.0,0.0,0.09479,0.150699,0.16636029,0.014254436
40.779698,0.0,0.0,0.091874,0.15555,0.16457447,0.014310344
40.879698,0.0,0.0,0.088863,0.123045,0.16285037,0.014366045
40.979698,0.0,0.0,0.085788,0.095604,0.161186,0.014421508
41.079698,0.0,0.0,0.087693,0.096236,0.15957941,0.014476714
41.179698,0.0,0.0,0.09715,0.103295,0.15802877,0.0145316515
41.279698,0.0,0.0,0.092125,0.107983,0.1565322,0.014586322
41.379698,0.0,0.0,0.08347,0.123418,0.15508786,0.014640728
41.479698,0.0,0.0,0.085311,0.149244,0.15369405,0.014694861
41.579698,0.0,0.0,0.094156,0.156855,0.15234911,0.0147487
41.679698,0.0,0.0,0.094894,0.134524,0.15105143,0.014802222
41.779698,0.0,0.0,0.090227,0.101792,0.14979935,0.014855413
41.879698,0.0,0.0,0.083753,0.083544,0.14859132,0.0149082905
41.979698,0.0,0.0,0.076076,0.09305,0.14742592,0.014960858
42.079698,0.0,0.0,0.064421,0.10007,0.1463016,0.015013094
42.179698,0.0,0.0,0.050106,0.111268,0.145217,0.015064981
42.279698,0.0,0.0,0.058976,0.142585,0.14417079,0.015116507
42.379698,0.0,0.0,0.083282,0.169592,0.14316162,0.015167661
42.479698,0.0,0.0,0.09735,0.153015,0.1421882,0.0152184535
42.579698,0.0,0.0,0.10459,0.105382,0.14124928,0.015268891
42.679698,0.0,0.0,0.092702,0.098028,0.1403437,0.01531896
42.779698,0.0,0.0,0.076014,0.107013,0.13947025,0.015368639
42.879698,0.0,0.0,0.076525,0.090674,0.13862783,0.015417916
42.979698,0.0,0.0,0.088499,0.087593,0.13781539,0.015466793
43.079698,0.0,0.0,0.080188,0.133944,0.13703182,0.015515282
43.179698,0.0,0.0,0.058296,0.166869,0.13627611,0.015563378
43.279698,0.0,0.0,0.065249,0.149701,0.1355473,0.015611078
43.379698,0.0,0.0,0.091512,0.113041,0.1348444,0.01565836
43.479698,0.0,0.0,0.096046,0.08713,0.13416657,0.015705222
43.579698,0.0,0.0,0.086121,0.087623,0.13351284,0.015751662
43.679698,0.0,0.0,0.075773,0.097895,0.13288237,0.015797691
43.779698,0.0,0.0,0.065142,0.093972,0.13227436,0.015843308
43.879698,0.0,0.0,0.074405,0.10488,0.13168804,0.015888497
43.979698,0.0,0.0,0.088665,0.137661,0.13112257,0.015933257
44.079698,0.0,0.0,0.076512,0.1514,0.13057719,0.01597759
44.179698,0.0,0.0,0.057729,0.121073,0.13005123,0.016021501
44.279698,0.0,0.0,0.080852,0.075013,0.12954396,0.016064985
44.379698,0.0,0.0,0.131949,0.065917,0.12905475,0.016108032
44.479698,0.0,0.0,0.124415,0.093436,0.12858294,0.016150653
44.579698,0.0,0.0,0.077761,0.092833,0.12812787,0.016192839
44.679698,0.0,0.0,0.085043,0.086732,0.12768893,0.01623459
44.779698,0.0,0.0,0.128303,0.117617,0.1272656,0.016275907
44.879698,0.0,0.0,0.118168,0.145313,0.12685728,0.0163168
44.979698,0.0,0.0,0.072452,0.116066,0.12646344,0.016357265
45.079698,0.0,0.0,0.078759,0.066211,0.12608354,0.016397297
45.179698,0.0,0.0,0.119804,0.060877,0.1257171,0.016436895
45.279698,0.0,0.0,0.122826,0.086182,0.12536359,0.016476069
45.379698,0.0,0.0,0.100467,0.092776,0.12502258,0.016514814
45.479698,0.0,0.0,0.079339,0.089499,0.12469363,0.016553132
45.579698,0.0,0.0,0.059033,0.111083,0.12437626,0.016591027
45.679698,0.0,0.0,0.067505,0.126513,0.12407007,0.016628498
45.779698,0.0,0.0,0.095157,0.109009,0.123774655,0.016665544
45.879698,0.0,0.0,0.103178,0.08184,0.12348965,0.016702171
45.979698,0.0,0.0,0.098087,0.063557,0.12321467,0.016738381
46.079698,0.0,0.0,0.10402,0.068875,0.1229493,0.016774176
46.179698,0.0,0.0,0.117324,0.075561,0.122693226,0.016809551
46.279698,0.0,0.0,0.114307,0.084249,0.12244612,0.016844515
46.379698,0.0,0.0,0.100422,0.101324,0.122207634,0.01687907
46.479698,0.0,0.0,0.096193,0.106315,0.121977486,0.016913222
46.579698,0.0,0.0,0.098401,0.091997,0.121755354,0.016946971
46.679698,0.0,0.0,0.119133,0.06845,0.12154094,0.016980316
46.779698,0.0,0.0,0.144512,0.041777,0.12133395,0.017013265
46.879698,0.089956,0.0,0.124272,0.041988,0.12113418,0.017045815
46.979698,0.124966,0.0,0.092584,0.064364,0.12212575,0.019722547
47.079698,0.14248,0.0,0.09417,0.075092,0.13315058,0.02471751
47.179698,0.162473,0.0,0.117946,0.074872,0.15141068,0.031162709
47.279698,0.17499,0.0,0.143695,0.087761,0.16938242,0.03756705
47.379698,0.179995,0.0,0.170759,0.088085,0.18529472,0.0431225
47.479698,0.182497,0.0,0.206259,0.088972,0.19811422,0.048456077
47.579698,0.184996,0.0,0.243885,0.082866,0.20955774,0.05444198
47.679698,0.194996,0.0,0.306199,0.069794,0.22172917,0.06090352
47.779698,0.199997,0.0,0.384983,0.081855,0.23558031,0.06694258
47.879698,0.202498,0.0,0.462813,0.131134,0.25165656,0.07199499
47.979698,0.204997,0.0,0.540008,0.167146,0.26788327,0.07633491
48.079698,0.209996,0.0,0.611823,0.152416,0.28362247,0.080807306
48.179698,0.212498,0.0,0.682282,0.137486,0.29996875,0.0858858
48.279698,0.2125,0.0,0.765576,0.147072,0.31806624,0.09105894
48.379698,0.2125,0.0,0.857414,0.159404,0.33779523,0.09562893
48.479698,0.210003,0.0,0.939145,0.141119,0.35840666,0.09942128
48.579698,0.205004,0.0,1.014155,0.142917,0.37939876,0.102700315
48.679698,0.202503,0.0,1.03766,0.148361,0.40018097,0.105717234
48.779698,0.2025,0.0,1.048256,0.15461,0.4203128,0.10850081
48.879698,0.200002,0.0,1.07412,0.171785,0.44047645,0.11087324
48.979698,0.2,0.0,1.103812,0.154092,0.45694315,0.11349323
49.079698,0.2,0.0,1.126662,0.118234,0.47000176,0.11630373
49.179698,0.2,0.0,1.14779,0.116735,0.48269087,0.11856982
49.279698,0.195002,0.0,1.157935,0.110382,0.49617812,0.11990006
49.379698,0.195,0.0,1.160753,0.114421,0.5094016,0.12037197
49.479698,0.195,0.0,1.176192,0.120008,0.52145904,0.120527886
49.579698,0.195,0.0,1.194793,0.084299,0.53305864,0.120647594
49.679698,0.195,0.0,1.196799,0.074115,0.54497814,0.12072317
49.779698,0.195,0.0,1.187771,0.080347,0.5567883,0.12064266
49.879698,0.195,0.0,1.191558,0.091813,0.5683591,0.120341875
49.979698,0.195,0.0,1.198558,0.078888,0.57977325,0.11970665
50.079698,0.192502,0.0,1.210157,0.083452,0.5910168,0.11875496
50.179698,0.1925,0.0,1.224826,0.114765,0.6016725,0.117552765
50.279698,0.1925,0.0,1.208039,0.122825,0.61159635,0.11623684
50.379698,0.1925,0.0,1.170286,0.11489,0.62159353,0.11481601
50.479698,0.1925,0.0,1.199116,0.103883,0.63189834,0.11325845
50.579698,0.1925,0.0,1.244659,0.079999,0.642393,0.11153311
50.679698,0.1925,0.0,1.253724,0.080386,0.6532414,0.109684564
50.779698,0.1925,0.0,1.238444,0.073789,0.6642485,0.10775033
50.879698,0.1925,0.0,1.241139,0.047514,0.67508996,0.10577951
50.979698,0.1925,0.0,1.248332,0.045473,0.68586415,0.10376367
51.079698,0.1925,0.0,1.235136,0.043128,0.6966207,0.101693064
51.179698,0.1925,0.0,1.208286,0.061034,0.7074741,0.09958103
51.279698,0.1925,0.0,1.215406,0.080911,0.7183315,0.09743396
51.379698,0.190003,0.0,1.231092,0.108402,0.72943825,0.09521273
51.479698,0.19,0.0,1.239581,0.110558,0.7403718,0.092849255
51.579698,0.19,0.0,1.246262,0.095516,0.7507707,0.090450525
51.679698,0.19,0.0,1.279557,0.073482,0.7609527,0.08810591
51.779698,0.19,0.0,1.319538,0.051375,0.7712403,0.08583692
51.879698,0.185007,0.0,1.280986,0.039081,0.78164124,0.0836123
51.979698,0.185,0.0,1.222771,0.028229,0.7917257,0.081244
52.079698,0.185,0.0,1.211165,0.059643,0.8009861,0.0788063
52.179698,0.185,0.0,1.211277,0.06265,0.8101347,0.076405175
52.279698,0.185,0.0,1.206209,0.086938,0.8195704,0.07413621
52.379698,0.185,0.0,1.199844,0.076801,0.829153,0.07200365
52.479698,0.185,0.0,1.202563,0.038622,0.8392766,0.07008661
52.579698,0.185,0.0,1.207555,0.0307,0.8495309,0.06827641
52.679698,0.185,0.0,1.204875,0.009109,0.8595479,0.06646716
52.779698,0.185,0.0,1.200272,0.056497,0.8693356,0.06464445
52.879698,0.185,0.0,1.203828,0.077418,0.8790544,0.062851
52.979698,0.185,0.0,1.209436,0.064121,0.88909584,0.06117375
53.079698,0.185,0.0,1.234362,0.026592,0.8992349,0.059582572
53.179698,0.185,0.0,1.272185,0.016089,0.9091902,0.058010023
53.279698,0.185,0.0,1.257029,0.024396,0.9189262,0.056429885
53.379698,0.185,0.0,1.228535,0.035269,0.92854464,0.054863766
53.479698,0.185,0.0,1.207717,0.043398,0.9383097,0.053327512
53.579698,0.185,0.0,1.188823,0.057371,0.948086,0.05183196
53.679698,0.185,0.0,1.190804,0.085201,0.9576877,0.050375596
53.779698,0.185,0.0,1.198007,0.136686,0.9670814,0.048953865
53.879698,0.185,0.0,1.211241,0.163287,0.97632796,0.04756638
53.979698,0.185,0.0,1.225988,0.139918,0.98589516,0.04618836
54.079698,0.185,0.0,1.236456,0.081368,0.9955414,0.044829957
54.179698,0.185,0.0,1.24585,0.050543,1.0049449,0.043510932
54.279698,0.185,0.0,1.25391,0.029115,1.0140531,0.042240668
54.379698,0.185,0.0,1.261636,0.011868,1.0229747,0.041015998
54.479698,0.185,0.0,1.247208,0.056056,1.0317795,0.039829444
54.579698,0.185,0.0,1.227208,0.092262,1.0404447,0.03866995
54.679698,0.185,0.0,1.221184,0.105768,1.0489241,0.03753138
54.779698,0.185,0.0,1.218665,0.09105,1.057204,0.036417965
54.879698,0.185,0.0,1.20018,0.085702,1.0652963,0.035338476
54.979698,0.185,0.0,1.177683,0.083035,1.0732099,0.034297187
55.079698,0.185,0.0,1.177688,0.053988,1.0809416,0.03329172
55.179698,0.185,0.0,1.1927,0.035951,1.0884842,0.032317724
55.279698,0.185,0.0,1.214392,0.007833,1.0958351,0.0313734
55.379698,0.185,0.0,1.24054,0.01383,1.1029959,0.030459713
55.479698,0.185,0.0,1.228998,0.022208,1.1099681,0.029577885
55.579698,0.185,0.0,1.192286,0.023461,1.1167517,0.028727759
55.679698,0.185,0.0,1.210108,0.03475,1.1233466,0.027908085
55.779698,0.185,0.0,1.241603,0.054399,1.1297536,0.027117588
55.879698,0.185,0.0,1.260049,0.070547,1.1359744,0.0263555
55.979698,0.185,0.0,1.275217,0.076585,1.142011,0.02562134
56.079698,0.185,0.0,1.263343,0.065013,1.1478654,0.02491456
56.179698,0.185,0.0,1.244659,0.048006,1.1535398,0.024234395
56.279698,0.185,0.0,1.221948,0.039963,1.1590364,0.02357999
56.379698,0.185,0.0,1.198226,0.035227,1.164358,0.022950526
56.479698,0.185,0.0,1.215918,0.038698,1.1695077,0.022345249
56.579698,0.185,0.0,1.243983,0.053932,1.1744887,0.02176341
56.679698,0.185,0.0,1.256545,0.051781,1.179304,0.021204272
56.779698,0.185,0.0,1.258792,0.031874,1.1839571,0.020667084
56.879698,0.185,0.0,1.263783,0.030417,1.1884514,0.020151103
56.979698,0.185,0.0,1.269462,0.052444,1.1927905,0.019655595
57.079698,0.185,0.0,1.236123,0.06928,1.1969781,0.019179855
57.179698,0.185,0.0,1.192956,0.068317,1.201018,0.018723175
57.279698,0.185,0.0,1.211781,0.068969,1.2049139,0.018284881
57.379698,0.185,0.0,1.246134,0.05115,1.2086695,0.017864315
57.479698,0.185,0.0,1.226836,0.052323,1.2122889,0.017460817
57.579698,0.185,0.0,1.17187,0.04422,1.2157755,0.017073767
57.679698,0.185,0.0,1.198877,0.041904,1.2191334,0.01670254
57.779698,0.185,0.0,1.246469,0.034742,1.2223663,0.016346538
57.879698,0.185,0.0,1.233469,0.044782,1.225478,0.016005192
57.979698,0.185,0.0,1.205244,0.054734,1.2284722,0.01567794
58.079698,0.185,0.0,1.198177,0.061863,1.2313526,0.015364235
58.179698,0.185,0.0,1.196451,0.060227,1.2341228,0.015063555
58.279698,0.185,0.0,1.205857,0.060669,1.2367864,0.014775393
58.379698,0.185,0.0,1.218058,0.053064,1.2393469,0.014499249
58.479698,0.189994,0.0,1.221535,0.053733,1.2418077,0.014234636
58.579698,0.185007,-0.102359,1.222827,0.057163,1.2449206,0.014193327
58.679698,0.189998,-0.262438,1.227894,0.04126,1.2497988,-0.009411029
58.779698,0.19,-0.359923,1.23391,0.001956,1.261497,-0.074902356
58.879698,0.19,-0.362498,1.22777,-0.052939,1.2810054,-0.1553082
58.979698,0.19,-0.367493,1.218586,-0.100856,1.2988136,-0.20738488
59.079698,0.19,-0.362505,1.2172,-0.122243,1.3044385,-0.22477333
59.179698,0.19,-0.3625,1.221017,-0.150473,1.3021314,-0.2250943
59.279698,0.19,-0.3625,1.240284,-0.179799,1.2971832,-0.22547273
59.379698,0.19,-0.3625,1.26343,-0.198362,1.2904081,-0.2304056
59.479698,0.19,-0.3625,1.277989,-0.208226,1.2811567,-0.23621666
59.579698,0.19,-0.3625,1.290392,-0.204233,1.268864,-0.23923641
59.679698,0.19,-0.360003,1.283314,-0.208122,1.2557894,-0.23913269
59.779698,0.19,-0.33753,1.263271,-0.197558,1.243518,-0.23669109
59.879698,0.19,-0.327509,1.252925,-0.188487,1.2317886,-0.22929274
59.979698,0.19,-0.325004,1.245007,-0.190639,1.2193835,-0.2192725
60.079698,0.19,-0.325,1.239601,-0.190371,1.206746,-0.21109855
60.179698,0.192497,-0.327497,1.234827,-0.193691,1.1953331,-0.20647131
60.279698,0.1925,-0.3275,1.237329,-0.198478,1.1863931,-0.20470166
60.379698,0.1925,-0.3275,1.24165,-0.184298,1.1801355,-0.20411475
60.479698,0.1925,-0.3275,1.270357,-0.176979,1.1752853,-0.20355567
60.579698,0.1925,-0.359981,1.305167,-0.19026,1.1704804,-0.2028048
60.679698,0.1925,-0.409957,1.270076,-0.205127,1.1667769,-0.20806862
60.779698,0.1925,-0.41,1.217388,-0.216561,1.1650717,-0.22396976
60.879698,0.1925,-0.41,1.223757,-0.228355,1.165102,-0.23924913
60.979698,0.1925,-0.41,1.24494,-0.233658,1.164614,-0.2467606
61.079698,0.1925,-0.41,1.226035,-0.235032,1.1618648,-0.24841067
61.179698,0.1925,-0.41,1.197033,-0.234455,1.1568187,-0.24827124
61.279698,0.1925,-0.41,1.211971,-0.235001,1.1501031,-0.2483242
61.379698,0.1925,-0.41,1.2379,-0.23609,1.1432238,-0.24869442
61.479698,0.1925,-0.41,1.256429,-0.218062,1.1366265,-0.24881181
61.579698,0.1925,-0.41,1.273105,-0.208241,1.1300763,-0.24844074
61.679698,0.1925,-0.41,1.261177,-0.208298,1.1236517,-0.24756084
61.779698,0.1925,-0.41,1.242084,-0.21581,1.1176777,-0.24620558
61.879698,0.1925,-0.41,1.244457,-0.227654,1.1120588,-0.24480823
61.979698,0.1925,-0.41,1.252198,-0.248344,1.1067125,-0.24362828
62.079698,0.1925,-0.41,1.251249,-0.25081,1.1016759,-0.2426678
62.179698,0.1925,-0.407501,1.24812,-0.27216,1.0969975,-0.24182597
62.279698,0.1925,-0.4075,1.236773,-0.270702,1.0924942,-0.24062009
62.379698,0.1925,-0.4075,1.223366,-0.254196,1.0881615,-0.23934
62.479698,0.1925,-0.4075,1.231602,-0.218395,1.0841018,-0.23832881
62.579698,0.1925,-0.4075,1.245269,-0.204974,1.080393,-0.23758972
62.679698,0.1925,-0.4075,1.235941,-0.209313,1.0770164,-0.23697993
62.779698,0.1925,-0.4075,1.220862,-0.249728,1.0739462,-0.23641105
62.879698,0.1925,-0.4075,1.2274,-0.250002,1.0711054,-0.23586105
62.979698,0.1925,-0.4075,1.239361,-0.227125,1.0684577,-0.2353464
63.079698,0.1925,-0.4075,1.239383,-0.218804,1.0660003,-0.23487957
63.179698,0.1925,-0.4075,1.236413,-0.215588,1.0637279,-0.23445652
63.279698,0.1925,-0.4075,1.22614,-0.244261,1.0616148,-0.23408599
63.379698,0.1925,-0.4075,1.214042,-0.246483,1.0596488,-0.23375
63.479698,0.1925,-0.4075,1.209855,-0.202718,1.057821,-0.23343256
63.579698,0.1925,-0.4075,1.207648,-0.237633,1.0561206,-0.23312914
63.679698,0.194997,-0.4075,1.208843,-0.274732,1.0545366,-0.23284209
63.779698,0.195,-0.4075,1.210891,-0.263469,1.0533856,-0.23254642
63.879698,0.195,-0.4075,1.206033,-0.220463,1.0528133,-0.23227793
63.979698,0.195,-0.4075,1.199442,-0.227948,1.0525341,-0.23207514
64.079698,0.195,-0.4075,1.18745,-0.253968,1.0522606,-0.23192573
64.179698,0.195,-0.4075,1.171862,-0.212431,1.0519625,-0.2318068
64.279698,0.195,-0.4075,1.192662,-0.222287,1.0513284,-0.23169783
64.379698,0.195,-0.4075,1.22257,-0.256462,1.0506109,-0.23159665
64.479698,0.195,-0.4075,1.227202,-0.252837,1.0500077,-0.23150241
64.579698,0.195,-0.4075,1.22549,-0.232302,1.0495038,-0.23141283
64.679698,0.195,-0.405003,1.245313,-0.255381,1.0490216,-0.23132747
64.779698,0.195,-0.405,1.279504,-0.251569,1.0483398,-0.23083669
64.879698,0.195,-0.400002,1.242835,-0.234871,1.0475312,-0.2302347
64.979698,0.195,-0.4,1.188371,-0.256675,1.0466607,-0.2290436
65.079698,0.195,-0.4,1.188414,-0.24926,1.0457529,-0.22784095
65.179698,0.195,-0.4,1.224753,-0.227841,1.0449091,-0.22713129
65.279698,0.195,-0.4,1.228509,-0.24179,1.0442803,-0.22683775
65.379698,0.195,-0.4,1.210584,-0.226754,1.0438458,-0.226681
65.479698,0.195,-0.395004,1.191184,-0.227446,1.0435927,-0.22652307
65.579698,0.195,-0.395,1.171412,-0.249888,1.0433054,-0.22554843
65.679698,0.195,-0.395,1.193787,-0.207907,1.0428709,-0.2243747
65.779698,0.195,-0.395,1.226753,-0.237877,1.0423093,-0.22367969
65.879698,0.195,-0.395,1.209041,-0.227299,1.0418694,-0.22344707
65.979698,0.195,-0.395,1.178614,-0.244962,1.0416296,-0.22341678
66.079698,0.195,-0.395,1.197413,-0.243835,1.0415857,-0.22339056
66.179698,0.195,-0.395,1.228576,-0.25427,1.0415905,-0.22331265
66.279698,0.195,-0.395,1.229299,-0.252392,1.0415778,-0.22322391
66.379698,0.195,-0.395,1.222401,-0.26409,1.0415711,-0.2231647
66.479698,0.195,-0.395,1.222637,-0.264703,1.0415975,-0.22313783
66.579698,0.195,-0.395,1.227614,-0.276088,1.0416403,-0.2231655
66.679698,0.195,-0.395,1.24466,-0.27039,1.0416889,-0.22321258
66.779698,0.195,-0.395,1.264732,-0.256373,1.0417384,-0.22324832
66.879698,0.195,-0.395,1.247685,-0.256808,1.0417854,-0.22326685
66.979698,0.195,-0.395,1.221318,-0.255147,1.0418283,-0.22327684
67.079698,0.195,-0.395,1.218977,-0.235245,1.0418676,-0.22328654
67.179698,0.195,-0.395,1.222694,-0.241624,1.0419041,-0.2232978
67.279698,0.195,-0.395,1.218587,-0.242191,1.0419378,-0.22330868
67.379698,0.195,-0.395,1.209277,-0.234785,1.0419685,-0.22331752
67.479698,0.195,-0.395,1.226792,-0.247997,1.0419961,-0.22332437
67.579698,0.195,-0.395,1.251038,-0.231894,1.0420213,-0.22333011
67.679698,0.195,-0.395,1.243227,-0.252335,1.0420444,-0.22333539
67.779698,0.195,-0.395,1.227395,-0.265931,1.0420657,-0.22334029
67.879698,0.195,-0.399994,1.214292,-0.25753,1.0420854,-0.22334476
67.979698,0.195,-0.4,1.201872,-0.256747,1.0422056,-0.2241507
68.079698,0.195,-0.395004,1.221534,-0.252005,1.0424931,-0.22517714
68.179698,0.195,-0.395,1.24926,-0.259562,1.0427222,-0.22498411
68.279698,0.195,-0.399996,1.248803,-0.259776,1.0426571,-0.22414865
68.379698,0.195,-0.4,1.229594,-0.256653,1.0424923,-0.22438157
68.479698,0.195,-0.395004,1.237197,-0.264562,1.0424675,-0.22526637
68.579698,0.195,-0.395,1.25156,-0.246868,1.0425073,-0.22512266
68.679698,0.195,-0.395,1.247098,-0.252601,1.0424222,-0.22432096
68.779698,0.195,-0.399996,1.23791,-0.254759,1.0421634,-0.22370915
68.879698,0.195,-0.4,1.224631,-0.2631,1.0419382,-0.22430287
68.979698,0.195,-0.4,1.208633,-0.256763,1.0420047,-0.2252917
69.079698,0.195,-0.4,1.202589,-0.268193,1.0423081,-0.22586025
69.179698,0.195,-0.4,1.199044,-0.273581,1.0425237,-0.22599809
69.279698,0.195,-0.4,1.215394,-0.261889,1.0425504,-0.22599347
69.379698,0.195,-0.4,1.244986,-0.264583,1.0424308,-0.22598104
69.479698,0.195,-0.4,1.242241,-0.260173,1.042306,-0.22600426
69.579698,0.195,-0.4,1.231391,-0.264199,1.0422041,-0.22607625
69.679698,0.195,-0.4,1.221893,-0.265421,1.0421009,-0.22614774
69.779698,0.195,-0.4,1.213294,-0.265036,1.0419794,-0.22618885
69.879698,0.195,-0.4,1.212197,-0.277231,1.0418551,-0.22616279
69.979698,0.195,-0.4,1.212979,-0.282759,1.0417299,-0.22610688
70.079698,0.195,-0.4,1.214304,-0.281449,1.0416049,-0.22605991
70.179698,0.195,-0.4,1.215766,-0.287566,1.0414851,-0.226032
70.279698,0.195,-0.4,1.225339,-0.272701,1.0413743,-0.22601415
70.379698,0.195,-0.4,1.236949,-0.271466,1.041272,-0.22599639
70.479698,0.195,-0.4,1.254633,-0.272095,1.0411762,-0.22597626
70.579698,0.195,-0.4,1.273843,-0.278515,1.0410861,-0.22595617
70.679698,0.195,-0.4,1.261927,-0.271719,1.0410022,-0.22593841
70.779698,0.195,-0.4,1.242195,-0.288864,1.0409247,-0.22592318
70.879698,0.195,-0.4,1.198432,-0.277824,1.0408531,-0.22590953
70.979698,0.199992,-0.4,1.148653,-0.316942,1.0407866,-0.22589672
71.079698,0.2,-0.4,1.16069,-0.285077,1.0413758,-0.22583163
71.179698,0.2,-0.4,1.213997,-0.283697,1.0429265,-0.22578482
71.279698,0.2,-0.4,1.20697,-0.283896,1.0448757,-0.22583607
71.379698,0.2,-0.4,1.184815,-0.285069,1.0466635,-0.22596532
71.479698,0.2,-0.4,1.20943,-0.283668,1.0482442,-0.22612928
71.579698,0.2,-0.4,1.245746,-0.276847,1.0490028,-0.22628842
71.679698,0.2,-0.4,1.227808,-0.290304,1.0494537,-0.22643846
71.779698,0.2,-0.4,1.196208,-0.283458,1.0500032,-0.22657871
71.879698,0.2,-0.4,1.215754,-0.290584,1.0506306,-0.22670633
71.979698,0.2,-0.4,1.248109,-0.31245,1.0511883,-0.22682199
72.079698,0.2,-0.4,1.262094,-0.313125,1.0513417,-0.22690454
72.179698,0.2,-0.4,1.271478,-0.281519,1.0513101,-0.22696647
72.279698,0.2,-0.4,1.275691,-0.306224,1.0513178,-0.22701801
72.379698,0.2,-0.4,1.278606,-0.310595,1.0513831,-0.22706056
72.479698,0.2,-0.4,1.263719,-0.312946,1.051434,-0.22709414
72.579698,0.2,-0.4,1.244377,-0.304373,1.0514361,-0.22712061
72.679698,0.2,-0.4,1.272206,-0.30186,1.0514137,-0.22714141
72.779698,0.2,-0.4,1.311867,-0.335239,1.051396,-0.22715677
72.879698,0.2,-0.4,1.298362,-0.308559,1.0513864,-0.22716713
72.979698,0.2,-0.4,1.271553,-0.296799,1.0513744,-0.22717375
73.079698,0.2,-0.4,1.274904,-0.301787,1.0511323,-0.22717267
73.179698,0.2,-0.4,1.285842,-0.339419,1.0507923,-0.22716661
73.279698,0.2,-0.4,1.292195,-0.32735,1.0504929,-0.22715554
73.379698,0.2,-0.4,1.297399,-0.297667,1.050247,-0.22713792
73.479698,0.2,-0.4,1.268946,-0.355317,1.0500112,-0.22711468
73.579698,0.2,-0.4,1.218109,-0.348506,1.0497627,-0.22708865
73.679698,0.2,-0.4,1.231386,-0.296364,1.049515,-0.22706155
73.779698,0.2,-0.4,1.2607,-0.338796,1.0492853,-0.22703342
73.879698,0.2,-0.4,1.250166,-0.313361,1.0490749,-0.22700411
73.979698,0.2,-0.4,1.229636,-0.287321,1.0488768,-0.22697426
74.079698,0.2,-0.057938,1.270617,-0.313209,1.0486873,-0.22694485
74.179698,0.2,-7.2e-05,1.327101,-0.299904,1.0400912,-0.16610013
74.279698,0.2,0.0,1.304145,-0.188915,1.018166,-0.07356189
74.379698,0.2,0.0,1.228363,-0.097565,0.99688077,-0.01033964
74.479698,0.2,0.0,1.223732,-0.047315,0.9921302,0.008079767
74.579698,0.2,0.0,1.236945,-0.018044,1.0022357,0.005251781
74.679698,0.2,0.0,1.253648,-0.005343,1.0211704,-3.8410537e-05
74.779698,0.2,0.0,1.271227,-0.020692,1.0371253,0.0014720856
74.879698,0.2,0.0,1.308813,-0.030105,1.0464866,0.009484163
74.979698,0.2,0.0,1.351423,-0.015908,1.0528554,0.019027624
75.079698,0.2,0.0,1.293192,0.015232,1.0604073,0.025762524
75.179698,0.2,0.0,1.209562,0.029754,1.0697199,0.027624544
75.279698,0.2,0.0,1.217377,0.023942,1.0789462,0.026596082
75.379698,0.2,0.0,1.248088,0.024515,1.0870355,0.025608031
75.479698,0.2,0.0,1.286524,0.043477,1.094244,0.025878174
75.579698,0.2,0.0,1.3301,0.010349,1.1011977,0.026865121
75.679698,0.2,0.0,1.341241,-0.003742,1.1081475,0.027583595
75.779698,0.2,0.0,1.344254,0.019348,1.1149875,0.027607188
75.879698,0.2,0.0,1.327581,0.015521,1.121582,0.027151054
75.979698,0.2,0.0,1.30598,0.021271,1.1279143,0.026613882
76.079698,0.2,0.0,1.304457,0.01822,1.1340293,0.026196921
76.179698,0.2,0.0,1.316324,-0.014451,1.1399562,0.025860732
76.279698,0.2,0.0,1.313013,-0.014043,1.1456993,0.025488846
76.379698,0.2,0.0,1.299565,0.035766,1.1512598,0.02502804
76.479698,0.2,0.0,1.302612,0.036953,1.1566442,0.024506235
76.579698,0.2,0.0,1.31665,-0.007101,1.1618584,0.023975499
76.679698,0.2,0.0,1.320492,0.035293,1.1669041,0.023463668
76.779698,0.2,0.0,1.321782,0.028796,1.1717829,0.022968967
76.879698,0.2,0.0,1.295506,0.037288,1.1764992,0.022479974
76.979698,0.2,0.0,1.26233,0.011357,1.1810597,0.021992087
77.079698,0.2,0.0,1.263006,-0.0191,1.185469,0.021509307
77.179698,0.2,0.0,1.286282,0.021053,1.1897303,0.021037858
77.279698,0.2,0.0,1.328445,0.018929,1.1938461,0.020581106
77.379698,0.2,0.0,1.383228,-0.03461,1.1978201,0.02013917
77.479698,0.2,0.0,1.329293,-0.056141,1.2016562,0.019711029
77.579698,0.2,0.0,1.24798,-0.018323,1.2053586,0.019296201
77.679698,0.2,0.0,1.263298,0.027379,1.2089309,0.018894942
77.779698,0.2,0.0,1.302824,0.044103,1.2123764,0.018507661
77.879698,0.2,0.0,1.305351,-0.008195,1.2156986,0.018134443
77.979698,0.2,0.0,1.298576,-0.028009,1.2189012,0.017775046
78.079698,0.2,0.0,1.316664,0.015128,1.2219876,0.017429072
78.179698,0.2,0.0,1.341014,0.015932,1.2249614,0.017096132
78.279698,0.2,0.0,1.330755,-0.017118,1.2278259,0.0167759
78.379698,0.2,0.0,1.297446,-0.00209,1.2305844,0.016468061
78.479698,0.2,0.0,1.287686,0.042888,1.2332402,0.016172258
78.579698,0.2,0.0,1.293625,-0.012565,1.2357967,0.01588812
78.679698,0.2,0.0,1.280455,-0.057031,1.2382569,0.015615241
78.779698,0.2,0.0,1.262498,-0.041909,1.2406241,0.015353218
78.879698,0.2,0.0,1.305212,0.007807,1.2429012,0.015101677
78.979698,0.2,0.0,1.363084,-0.022999,1.2450913,0.014860258
79.079698,0.2,0.0,1.345183,-0.022245,1.2471974,0.014628595
79.179698,0.2,0.0,1.276812,0.007979,1.2492223,0.014406324
79.279698,0.2,0.0,1.242435,-0.006491,1.2511688,0.014193091
79.379698,0.2,0.0,1.216577,-0.000912,1.2530397,0.013988532
79.479698,0.2,0.0,1.246924,0.033266,1.2548375,0.013792329
79.579698,0.2,0.0,1.291414,0.022186,1.256565,0.013604164
79.679698,0.2,0.0,1.295301,-0.010869,1.2582246,0.013423736
79.779698,0.2,0.0,1.272179,-0.025614,1.2598188,0.013250734
79.879698,0.2,0.0,1.2951,-0.025987,1.2613499,0.013084837
79.979698,0.2,0.0,1.329548,-0.000244,1.2628204,0.012925775
80.079698,0.2,0.0,1.335056,0.021092,1.2642323,0.012773288
80.179698,0.2,0.0,1.333279,0.041104,1.2655879,0.012627118
80.279698,0.2,0.0,1.307296,0.086329,1.2668893,0.012487001
80.379698,0.2,0.0,1.275252,0.073218,1.2681385,0.012352695
80.479698,0.2,0.0,1.272765,0.011844,1.2693375,0.012223957
80.579698,0.2,0.0,1.27769,-0.005108,1.2704883,0.012100571
80.679698,0.2,0.0,1.304526,-0.001501,1.2715925,0.011982311
80.779698,0.2,0.0,1.336844,0.007823,1.272652,0.011868977
80.879698,0.2,0.0,1.334644,0.009433,1.2736686,0.011760363
80.979698,0.2,0.0,1.30949,0.010095,1.2746439,0.011656292
81.079698,0.2,0.0,1.308671,0.011148,1.2755795,0.011556568
81.179698,0.2,0.0,1.313997,0.000855,1.2764769,0.011461002
81.279698,0.2,0.0,1.315716,-0.009701,1.2773377,0.011369425
81.379698,0.2,0.0,1.315037,0.017947,1.2781633,0.011281678
81.479698,0.2,0.082305,1.332063,0.018524,1.2789551,0.01119761
81.579698,0.2,0.359598,1.360887,0.003666,1.2788225,0.029611507
81.679698,0.2,0.472342,1.326715,0.085294,1.2776335,0.104093604
81.779698,0.2,0.410074,1.276722,0.206685,1.2690504,0.19515409
81.879698,0.2,0.39252,1.263912,0.248982,1.2429589,0.25092083
81.979698,0.2,0.370039,1.275901,0.280742,1.2087773,0.271718
82.079698,0.2,0.372496,1.266962,0.287008,1.1776243,0.27633682
82.179698,0.2,0.3725,1.252763,0.303211,1.1522294,0.27279997
82.279698,0.2,0.3725,1.209201,0.31602,1.1275572,0.26506576
82.379698,0.2,0.3725,1.158273,0.307027,1.1004113,0.25915724
82.479698,0.2,0.3725,1.179275,0.32312,1.0729485,0.2562237
82.579698,0.2,0.3725,1.218362,0.321598,1.0472014,0.2550683
82.679698,0.2,0.3725,1.206514,0.306709,1.0221789,0.25186566
82.779698,0.2,0.3725,1.181887,0.322583,0.9976058,0.24657919
82.879698,0.2,0.3725,1.154725,0.316096,0.9748427,0.24238452
82.979698,0.2,0.3725,1.126925,0.287486,0.9541748,0.24046202
83.079698,0.2,0.374994,1.144583,0.30154,0.93508863,0.24018879
83.179698,0.2,0.379993,1.192556,0.298319,0.9169539,0.24063104
83.279698,0.2,0.392488,1.215009,0.272555,0.8995995,0.24167554
83.379698,0.2,0.394997,1.231041,0.300944,0.88311857,0.24440023
83.479698,0.2,0.395,1.207396,0.283258,0.8672273,0.24757697
83.579698,0.2,0.395,1.173813,0.308195,0.8519081,0.249825
83.679698,0.2,0.395,1.159024,0.308489,0.83741105,0.25095397
83.779698,0.2,0.395,1.148938,0.310284,0.8239,0.25144947
83.879698,0.2,0.395,1.157229,0.330871,0.81143343,0.25153145
83.979698,0.2,0.395,1.170124,0.318442,0.79980934,0.2515227
84.079698,0.2,0.395,1.118931,0.305226,0.7888333,0.2516266
84.179698,0.2,0.395,1.051584,0.30471,0.7784335,0.25179097
84.279698,0.2,0.395,1.081117,0.313121,0.7686013,0.2518583
84.379698,0.2,0.395,1.134996,0.319455,0.7592678,0.25165457
84.479698,0.2,0.395,1.139604,0.324179,0.75048023,0.25131398
84.579698,0.2,0.395,1.131825,0.32221,0.7422689,0.25103524
84.679698,0.2,0.395,1.112685,0.330591,0.7345854,0.25087273
84.779698,0.2,0.395,1.090701,0.331951,0.72736263,0.25076318
84.879698,0.2,0.395,1.098941,0.326884,0.72056395,0.25063944
84.979698,0.2,0.395,1.114748,0.311299,0.7141751,0.250488
85.079698,0.2,0.395,1.097427,0.327,0.7081782,0.25033063
85.179698,0.2,0.395,1.071786,0.281407,0.70254517,0.25018588
85.279698,0.2,0.395,1.077842,0.308861,0.6972472,0.2500542
85.379698,0.2,0.395,1.104978,0.299514,0.69226205,0.24992657
85.479698,0.2,0.395,1.115438,0.313562,0.68757236,0.24979669
85.579698,0.2,0.395,1.121722,0.319227,0.68316126,0.24966463
85.679698,0.2,0.395,1.106788,0.327395,0.67901117,0.24953333
85.779698,0.2,0.395,1.086519,0.336881,0.6751049,0.24940453
85.879698,0.2,0.395,1.084583,0.330792,0.67142713,0.24927804
85.979698,0.2,0.395,1.087252,0.321794,0.66796404,0.2491529
86.079698,0.2,0.395,1.101038,0.307302,0.6647029,0.24902867
86.179698,0.2,0.395,1.117623,0.315715,0.66163146,0.24890564
86.279698,0.2,0.395,1.114997,0.32787,0.65873814,0.2487843
86.379698,0.2,0.395,1.107555,0.339421,0.6560121,0.24866498
86.479698,0.2,0.395,1.099914,0.331835,0.6534434,0.24854772
86.579698,0.2,0.395,1.092223,0.3529,0.6510226,0.24843253
86.679698,0.2,0.395,1.100302,0.350601,0.64874095,0.24831946
86.779698,0.2,0.395,1.112329,0.349731,0.6465902,0.24820864
86.879698,0.2,0.395,1.09399,0.356095,0.64456254,0.24810025
86.979698,0.2,0.395,1.068048,0.367203,0.6426508,0.24799438
87.079698,0.2,0.395,1.068286,0.354476,0.6408481,0.24789107
87.179698,0.2,0.395,1.07511,0.374322,0.6391481,0.24779037
87.279698,0.2,0.395,1.079145,0.358055,0.6375448,0.24769232
87.379698,0.2,0.395,1.081324,0.355626,0.63603264,0.24759696
87.479698,0.2,0.395,1.084292,0.373507,0.63460624,0.24750432
87.579698,0.2,0.395,1.087457,0.381366,0.63326067,0.24741444
87.679698,0.2,0.395,1.082498,0.392239,0.63199127,0.24732731
87.779698,0.2,0.395,1.075507,0.395213,0.63079363,0.24724293
87.879698,0.2,0.395,1.077237,0.381478,0.62966365,0.24716128
87.979698,0.2,0.395,1.081152,0.36797,0.62859744,0.24708234
88.079698,0.2,0.395,1.096198,0.364703,0.6275914,0.24700607
88.179698,0.2,0.395,1.114048,0.382647,0.626642,0.24693249
88.279698,0.2,0.395,1.1062,0.388632,0.6257461,0.24686153
88.379698,0.2,0.395,1.091936,0.403838,0.6249005,0.24679317
88.479698,0.2,0.395,1.073898,0.406181,0.62410253,0.2467273
88.579698,0.2,0.395,1.054915,0.414301,0.6233494,0.24666393
88.679698,0.2,0.395,1.057109,0.399189,0.62263864,0.246603
88.779698,0.2,0.395,1.064622,0.403067,0.62196773,0.24654447
88.879698,0.2,0.395,1.064438,0.387437,0.62133443,0.24648824
88.979698,0.2,0.395,1.062324,0.390538,0.62073666,0.24643429
89.079698,0.2,0.395,1.074209,0.370246,0.62017244,0.24638253
89.179698,0.2,0.395,1.095429,0.396176,0.6196399,0.2463329
89.279698,0.2,0.395,1.095003,0.396894,0.6191371,0.24628533
89.379698,0.2,0.395,1.089164,0.400562,0.6186625,0.24623978
89.479698,0.2,0.395,1.085387,0.383028,0.6182144,0.2461962
89.579698,0.2,0.395,1.082127,0.391378,0.61779153,0.2461545
89.679698,0.2,0.395,1.101129,0.39061,0.6173923,0.24611464
89.779698,0.2,0.395,1.125707,0.39315,0.6170154,0.24607652
89.879698,0.2,0.395,1.130228,0.40648,0.61665964,0.2460401
89.979698,0.2,0.395,1.129732,0.418231,0.61632377,0.24600533
90.079698,0.2,0.395,1.117979,0.379141,0.6160067,0.24597213
90.179698,0.2,0.395,1.098721,0.390582,0.61570734,0.24594045
90.279698,0.2,0.395,1.095983,0.400071,0.61542475,0.24591021
90.379698,0.2,0.395,1.097396,0.41358,0.615158,0.2458814
90.479698,0.2,0.395,1.113825,0.39897,0.6149062,0.24585393
90.579698,0.2,0.395,1.134023,0.391958,0.6146684,0.24582775
90.679698,0.2,0.399998,1.129254,0.407987,0.61444396,0.2458028
90.779698,0.2,0.4,1.118212,0.387126,0.6142619,0.24620669
90.879698,0.2,0.4,1.096667,0.410232,0.61402017,0.24666959
90.979698,0.2,0.4,1.072496,0.437178,0.61373574,0.24694578
91.079698,0.2,0.4,1.098085,0.452146,0.61347735,0.24704638
91.179698,0.2,0.4,1.136191,0.418975,0.613263,0.24711563
91.279698,0.2,0.4,1.159865,0.381083,0.6131315,0.24712934
91.379698,0.2,0.4,1.179928,0.404158,0.6130291,0.24713291
91.479698,0.2,0.4,1.170278,0.414984,0.6129108,0.24716848
91.579698,0.2,0.4,1.153193,0.41134,0.612776,0.24723034
91.679698,0.2,0.4,1.154019,0.382781,0.6126442,0.24728689
91.779698,0.2,0.4,1.159334,0.375914,0.6124717,0.24723522
91.879698,0.2,0.395004,1.145581,0.381794,0.61229855,0.24712768
91.979698,0.2,0.399994,1.127037,0.391574,0.6121247,0.24662283
92.079698,0.2,0.395005,1.137439,0.40881,0.6120688,0.2465375
92.179698,0.2,0.395,1.155122,0.404709,0.6119675,0.24629205
92.279698,0.2,0.395,1.171761,0.362137,0.61186886,0.2459667
92.379698,0.2,0.395,1.188138,0.348583,0.61181307,0.2456688
92.479698,0.2,0.395,1.16901,0.367868,0.6117146,0.24556732
92.579698,0.2,0.395,1.140991,0.394906,0.61164206,0.24546142
92.679698,0.2,0.395,1.13659,0.401571,0.61154556,0.24537751
92.779698,0.2,0.395,1.138118,0.400952,0.6114336,0.24531259
92.879698,0.2,0.395,1.159249,0.366459,0.6113312,0.24524729
92.979698,0.2,0.395,1.185285,0.353866,0.6113027,0.2452591
93.079698,0.2,0.395,1.174296,0.371517,0.6112426,0.24522604
93.179698,0.2,0.395,1.154024,0.385516,0.61120516,0.2452193
93.279698,0.2,0.395,1.18758,0.348944,0.6111886,0.24524797
93.379698,0.2,0.395,1.2346,0.340869,0.6111703,0.245281
93.479698,0.2,0.395,1.216133,0.380379,0.6111436,0.24529532
93.579698,0.2,0.395,1.18119,0.361031,0.6111163,0.2452949
93.679698,0.2,0.395,1.191752,0.360555,0.6110938,0.245294
93.779698,0.2,0.395,1.213717,0.339478,0.6110743,0.24529965
93.879698,0.2,0.395,1.195439,0.350391,0.61105454,0.24530908
93.979698,0.2,0.395,1.167035,0.355999,0.61103415,0.24531701
94.079698,0.2,0.395,1.185798,0.355555,0.61101466,0.24532148
94.179698,0.2,0.395,1.236014,0.374785,0.61099684,0.24532394
94.279698,0.2,0.395,1.241642,0.366583,0.6109802,0.2453264
94.379698,0.2,0.395,1.236106,0.373921,0.6109642,0.24532948
94.479698,0.2,0.399993,1.213578,0.359444,0.61094856,0.24533264
94.579698,0.2,0.4,1.18679,0.35076,0.610963,0.2457587
94.679698,0.2,0.4,1.189358,0.349286,0.6109074,0.24624056
94.779698,0.2,0.4,1.199271,0.349959,0.61079943,0.24653658
94.879698,0.2,0.4,1.200288,0.356636,0.6107078,0.2466584
94.979698,0.2,0.4,1.199072,0.377323,0.6106506,0.2467487
95.079698,0.2,0.4,1.19998,0.373317,0.6106668,0.24678269
95.179698,0.2,0.4,1.202308,0.368928,0.61070377,0.24680518
95.279698,0.2,0.4,1.215661,0.369171,0.61071724,0.24685839
95.379698,0.2,0.395003,1.23637,0.37384,0.61070687,0.24693699
95.479698,0.2,0.395,1.230554,0.375973,0.61066324,0.2465849
95.579698,0.2,0.399993,1.218097,0.360855,0.6106421,0.24606727
95.679698,0.2,0.4,1.22548,0.352387,0.6106956,0.24610287
95.779698,0.2,0.4,1.237835,0.359358,0.61068606,0.24639764
95.879698,0.2,0.4,1.21315,0.361102,0.6106036,0.24658902
95.979698,0.2,0.4,1.179186,0.365165,0.61046034,0.24668139
96.079698,0.2,0.4,1.199731,0.366346,0.61032605,0.24674135
96.179698,0.2,0.4,1.233964,0.353969,0.6102922,0.24669841
96.279698,0.2,0.4,1.220162,0.357576,0.61030954,0.24661595
96.379698,0.2,0.4,1.194338,0.349108,0.6103109,0.24657783
96.479698,0.2,0.4,1.211674,0.355215,0.6103364,0.24668166
96.579698,0.2,0.4,1.239853,0.364919,0.61036503,0.24683842
96.679698,0.2,0.4,1.231837,0.366225,0.61032504,0.24685678
96.779698,0.2,0.4,1.199698,0.365312,0.61026734,0.24676614
96.879698,0.2,0.4,1.17895,0.377008,0.61023784,0.24668446
96.979698,0.2,0.4,1.161066,0.36889,0.6102271,0.24666765
97.079698,0.2,0.4,1.189723,0.36775,0.6102102,0.24668843
97.179698,0.2,0.4,1.230049,0.366344,0.6101832,0.24670099
97.279698,0.2,0.4,1.234205,0.358753,0.61015725,0.24668977
97.379698,0.2,0.404994,1.21429,0.358766,0.6101389,0.24666795
97.479698,0.2,0.407497,1.206175,0.354776,0.610156,0.24707082
97.579698,0.2,0.4075,1.20103,0.351856,0.6101204,0.24774595
97.679698,0.2,0.4075,1.225465,0.350902,0.60999733,0.24827023
97.779698,0.2,0.4075,1.257297,0.365427,0.60986376,0.24853286
97.879698,0.2,0.4075,1.237106,0.381359,0.60977215,0.24867815
97.979698,0.2,0.4075,1.203888,0.37171,0.6097727,0.24874943
98.079698,0.2,0.4075,1.190906,0.358207,0.60983175,0.24877985
98.179698,0.2,0.4075,1.183018,0.356097,0.609877,0.24883652
98.279698,0.2,0.4075,1.189092,0.344931,0.6098853,0.24893619
98.379698,0.2,0.4075,1.198675,0.327934,0.60987663,0.24904387
98.479698,0.2,0.409998,1.190156,0.34398,0.6098183,0.24903981
98.579698,0.2,0.067983,1.17708,0.342537,0.60974586,0.24913175
98.679698,0.2,7.5e-05,1.184561,0.307899,0.61160094,0.212998
98.779698,0.2,0.0,1.205724,0.221062,0.62272626,0.16211939
98.879698,0.2,0.0,1.138856,0.142168,0.63357145,0.13260874
98.979698,0.2,0.0,1.01338,0.111368,0.6384202,0.12928838
99.079698,0.2,0.0,1.004304,0.136329,0.63982886,0.13264795
99.179698,0.2,0.0,1.072975,0.12007,0.648788,0.12746267
99.279698,0.2,0.0,1.113235,0.085937,0.66265035,0.11388299
99.379698,0.2,0.0,1.146366,0.058495,0.6748106,0.100178316
99.479698,0.2,0.0,1.19847,0.064333,0.6837424,0.09190094
99.579698,0.2,0.0,1.255334,0.070068,0.69187415,0.08820471
99.679698,0.2,0.0,1.267697,0.06613,0.7034848,0.09002125
99.779698,0.202498,0.0,1.268861,0.062625,0.71661246,0.093526945
99.879698,0.200003,0.0,1.286539,0.05706,0.7289923,0.094243325
99.979698,0.202496,0.0,1.308364,0.029914,0.74048674,0.0913353
100.079698,0.200002,0.0,1.311852,0.029431,0.7519029,0.08747797
100.179698,0.202497,0.0,1.31072,0.035843,0.7635808,0.08491466
100.279698,0.2025,0.0,1.307031,0.028535,0.77520114,0.083954066
100.379698,0.2025,0.0,1.30164,0.025216,0.78660023,0.083271064
100.479698,0.2025,0.0,1.28994,0.032003,0.7981218,0.08188775
100.579698,0.200003,0.0,1.276657,0.031449,0.80952495,0.0797154
100.679698,0.202498,0.0,1.295687,0.057048,0.82074755,0.07728054
100.779698,0.2025,0.0,1.322823,0.065217,0.83158404,0.07514102
100.879698,0.2025,0.0,1.322553,0.032859,0.8423524,0.07332166
100.979698,0.2025,0.0,1.315425,0.021716,0.8533489,0.07161908
101.079698,0.2025,0.0,1.296156,0.013599,0.8642445,0.06980307
101.179698,0.200002,0.0,1.268795,0.020714,0.87534744,0.06793167
101.279698,0.202498,0.0,1.265143,0.072898,0.8857871,0.065893106
101.379698,0.200002,0.0,1.267457,0.076305,0.8957434,0.063924946
101.479698,0.2,0.0,1.27139,0.061256,0.90565145,0.06200593
101.579698,0.202498,0.0,1.275729,0.044766,0.91538125,0.06014365
101.679698,0.200002,0.0,1.315774,0.006937,0.92539763,0.058464523
101.779698,0.2,0.0,1.364806,-0.041438,0.9356131,0.05682225
101.879698,0.202497,0.0,1.331633,-0.046694,0.94493425,0.055117894
101.979698,0.200004,0.0,1.277869,-0.016014,0.9544181,0.0535475
102.079698,0.202497,0.0,1.291199,0.004083,0.9640173,0.05203218
102.179698,0.200003,0.0,1.321415,0.025019,0.9734477,0.050575722
102.279698,0.2,0.0,1.316054,0.029615,0.9828325,0.049143337
102.379698,0.202498,0.0,1.301782,0.023042,0.99168503,0.047701962
102.479698,0.2025,0.0,1.304022,0.026829,1.000356,0.04636024
102.579698,0.2025,0.0,1.310395,0.038489,1.0096142,0.045177
102.679698,0.2025,0.0,1.294187,0.017108,1.0188371,0.043970812
102.779698,0.2025,0.0,1.272316,0.003933,1.027922,0.042798914
102.879698,0.2025,0.0,1.302579,0.00155,1.0367991,0.04167358
102.979698,0.2025,0.0,1.345951,0.002856,1.0449929,0.04049779
103.079698,0.2025,0.0,1.345875,0.013113,1.0529997,0.039331302
103.179698,0.2025,0.0,1.31681,0.010311,1.0608453,0.03818733
103.279698,0.2025,0.0,1.305599,0.02647,1.0689381,0.03709492
103.379698,0.2025,0.0,1.298888,0.02453,1.0768181,0.036059573
103.479698,0.2025,0.0,1.321417,-0.005451,1.0843508,0.03501957
103.579698,0.2025,0.0,1.363424,-0.009627,1.0916497,0.033985224
103.679698,0.2025,0.0,1.352782,0.008397,1.0985957,0.03300349
103.779698,0.2025,0.0,1.328935,0.004206,1.1055326,0.032073952
103.879698,0.2025,0.0,1.331744,-0.004407,1.1124363,0.031178573
103.979698,0.2025,0.0,1.341235,0.035931,1.1189314,0.03031748
104.079698,0.2025,0.0,1.324875,0.05368,1.1253096,0.029477319
104.179698,0.2025,0.0,1.302026,0.047713,1.1314079,0.028672608
104.279698,0.2025,0.0,1.301201,0.039578,1.1374903,0.027896827
104.379698,0.2025,0.0,1.30591,0.01335,1.1435153,0.027147235
104.479698,0.2025,0.0,1.311248,0.002179,1.1491274,0.026433803
104.579698,0.190012,0.0,1.316744,-0.008032,1.1544144,0.025755575
104.679698,0.147539,0.0,1.298085,-0.008097,1.1577584,0.024563938
104.779698,0.127518,0.0,1.273361,-0.000104,1.1525705,0.021316668
104.879698,0.087544,0.0,1.226123,-0.014449,1.13605,0.016628712
104.979698,0.000152,0.0,1.173253,-0.023863,1.1089293,0.011262134
105.079698,0.0,0.0,1.109742,-0.02566,1.0663991,0.0045689614
105.179698,0.0,0.0,1.043556,-0.03306,1.0148678,-0.00056287274
105.279698,0.0,0.0,0.989053,-0.047799,0.9702166,-0.0025017955
105.379698,0.0,0.0,0.937488,-0.071028,0.9369757,-0.0033743274
105.479698,0.0,0.0,0.931829,-0.057846,0.9113674,-0.004995486
105.579698,0.0,0.0,0.937695,-0.055635,0.8911315,-0.0066552367
105.679698,0.0,0.0,0.921204,-0.101268,0.87161696,-0.007800704
105.779698,0.0,0.0,0.899116,-0.136849,0.8523183,-0.008042895
105.879698,0.0,0.0,0.8906,-0.094085,0.8338801,-0.0076011084
105.979698,0.0,0.0,0.891107,-0.01084,0.8171127,-0.0068109054
106.079698,0.0,0.0,0.856257,0.014191,0.80259883,-0.005295825
106.179698,0.0,0.0,0.797819,-0.021153,0.7882788,-0.00371376
106.279698,0.0,0.0,0.786808,-0.053568,0.7729886,-0.002673131
106.379698,0.0,0.0,0.807366,-0.052674,0.7571153,-0.0021309033
106.479698,0.0,0.0,0.771063,-0.042495,0.74133295,-0.001663455
106.579698,0.099861,0.0,0.720404,-0.032526,0.72577727,-0.0010149954
106.679698,0.10499,0.0,0.711045,-0.01005,0.7190206,0.0040069134
106.779698,0.107496,0.0,0.712049,0.002092,0.7316593,0.011734756
106.879698,0.117487,0.0,0.686959,0.000152,0.7533322,0.020600785
106.979698,0.142458,0.0,0.644469,-0.00623,0.7746295,0.028812785
107.079698,0.162467,0.0,0.633077,-0.02369,0.8018067,0.036497027
107.179698,0.1625,0.0,0.642472,-0.041527,0.83594686,0.042739496
107.279698,0.192465,0.0,0.662696,-0.034904,0.87514174,0.048158973
107.379698,0.202489,0.0,0.690169,-7.6e-05,0.9181895,0.0545861
107.479698,0.204998,0.0,0.765673,0.031333,0.9662337,0.061189365
107.579698,0.237461,0.0,0.853288,0.044967,1.0157781,0.06614296
107.679698,0.242495,-0.082412,0.921643,0.063437,1.0623403,0.068201676
107.779698,0.2425,-0.184872,0.985165,0.084864,1.1137996,0.050003096
107.879698,0.2425,-0.559763,1.099431,0.043334,1.1708149,0.0025306828
107.979698,0.2425,-0.956762,1.226455,-0.08348,1.2286149,-0.10350971
108.079698,0.2425,-0.999932,1.279414,-0.25304,1.2719642,-0.22099175
108.179698,0.2425,-1.0,1.313795,-0.360379,1.2994854,-0.29012322
108.279698,0.2425,-1.0,1.325111,-0.400837,1.316222,-0.32049236
108.379698,0.2425,-1.0,1.330654,-0.406065,1.3264716,-0.34478587
108.479698,0.2425,-1.0,1.328089,-0.41955,1.3497758,-0.38187703
108.579698,0.240004,-1.0,1.323489,-0.436487,1.3787149,-0.42659417
108.679698,0.24,-1.0,1.353494,-0.461338,1.3895222,-0.46546945
108.779698,0.24,-1.0,1.392159,-0.47858,1.3840344,-0.49427456
108.879698,0.24,-1.0,1.364729,-0.501085,1.3720864,-0.51571566
108.979698,0.242496,-1.0,1.320753,-0.509892,1.35907,-0.5319357
109.079698,0.2425,-1.0,1.331829,-0.513411,1.3460778,-0.5430992
109.179698,0.2425,-1.0,1.35681,-0.515958,1.3313959,-0.5507876
109.279698,0.2425,-1.0,1.366391,-0.516205,1.3150439,-0.55657166
109.379698,0.2425,-1.0,1.372104,-0.516037,1.2968249,-0.5608542
109.479698,0.2425,-1.0,1.386708,-0.503725,1.2779442,-0.563811
109.579698,0.2425,-1.0,1.40355,-0.491329,1.2589145,-0.56558627
109.679698,0.2425,-1.0,1.396607,-0.488117,1.2391438,-0.5660461
109.779698,0.247492,-1.0,1.383705,-0.489831,1.2193056,-0.56548643
109.879698,0.249997,-1.0,1.374736,-0.492862,1.200482,-0.56417197
109.979698,0.257486,-1.0,1.366751,-0.498183,1.183247,-0.5622188
110.079698,0.26998,-1.0,1.399165,-0.499397,1.1678796,-0.5597385
110.179698,0.277486,-1.0,1.441739,-0.507707,1.1552196,-0.5568013
110.279698,0.29499,-1.0,1.446706,-0.515164,1.1457578,-0.5535886
110.379698,0.302492,-1.0,1.442268,-0.547076,1.1391746,-0.5502889
110.479698,0.3025,-1.0,1.460604,-0.592117,1.1355612,-0.5470037
110.579698,0.3025,-1.0,1.494098,-0.625169,1.132872,-0.5439805
110.679698,0.3025,-1.0,1.524732,-0.645995,1.128468,-0.54124117
110.779698,0.3025,-1.0,1.554647,-0.6609,1.1224015,-0.538666
110.879698,0.3025,-1.0,1.569393,-0.661111,1.1135398,-0.5359536
110.979698,0.3025,-1.0,1.580332,-0.651946,1.1031058,-0.53307664
111.079698,0.3025,-1.0,1.547413,-0.656565,1.0928097,-0.52998
111.179698,0.3025,-1.0,1.503429,-0.655828,1.0828458,-0.5265594
111.279698,0.3025,-1.0,1.504998,-0.638639,1.0729752,-0.5228642
111.379698,0.3025,-1.0,1.517974,-0.630819,1.0628353,-0.5188516
111.479698,0.3025,-0.88267,1.526135,-0.637722,1.0526798,-0.5146443
111.579698,0.3025,-0.001253,1.53309,-0.613809,1.0417091,-0.5004591
111.679698,0.3025,0.184752,1.494446,-0.449835,1.0200037,-0.39279616
111.779698,0.3025,0.44487,1.444374,-0.126634,0.97846735,-0.24879229
111.879698,0.3025,0.629867,1.420128,0.189959,0.9195198,-0.13100034
111.979698,0.3025,0.65247,1.40234,0.395564,0.8653157,-0.054329872
112.079698,0.3025,0.694966,1.369392,0.468998,0.8276738,-0.008923467
112.179698,0.3025,0.612572,1.332632,0.492261,0.84352046,0.019811118
112.279698,0.3025,0.000539,1.320148,0.507698,0.8782651,0.04217639
112.379698,0.3025,0.0,1.313769,0.411082,0.88608,-0.0009285994
112.479698,0.304996,0.0,1.306166,0.220337,0.8778469,-0.04360525
112.579698,0.312494,0.0,1.298255,0.112488,0.8499725,-0.037930295
112.679698,0.3125,0.0,1.281467,0.086448,0.82701004,-0.009043362
112.779698,0.33996,0.0,1.26246,0.114803,0.8229471,0.0075920206
112.879698,0.364964,0.0,1.373289,0.123733,0.8452634,0.012114789
112.979698,0.369991,0.0,1.516664,0.111855,0.87530077,0.014589395
113.079698,0.372494,0.0,1.626215,0.085359,0.90013075,0.021591762
113.179698,0.3725,-0.359481,1.713086,0.034597,0.91885805,0.03207332
113.279698,0.374999,-0.372493,1.783867,-0.090253,0.94275707,-0.02358685
113.379698,0.387479,-0.3725,1.850613,-0.264286,0.98027563,-0.103446215
113.479698,0.389997,-0.657124,1.914408,-0.376486,1.0199544,-0.15682489
113.579698,0.39,-0.627531,1.977463,-0.543012,1.0425922,-0.21335994
113.679698,0.39,-0.490077,1.981361,-0.678514,1.0592244,-0.25591204
113.779698,0.382506,-0.000416,1.970415,-0.639022,1.0920243,-0.26326448
113.879698,0.380002,0.124886,1.952371,-0.403296,1.1169304,-0.16682534
113.979698,0.38,0.107524,1.932548,-0.03788,1.0989048,-0.024621904
114.079698,0.38,0.272369,1.893008,0.208785,1.0551692,0.06654744
114.179698,0.38,0.417388,1.840301,0.333597,1.0262489,0.12067622
114.279698,0.38,0.4175,1.837263,0.46357,1.019796,0.17460677
114.379698,0.38,0.147937,1.846681,0.519163,1.0270646,0.21692836
114.479698,0.38,0.000202,1.851869,0.413309,1.0279051,0.19656536
114.579698,0.38,0.0,1.855996,0.202923,1.0342104,0.124447875
114.679698,0.38,0.262164,1.895151,0.086238,1.0364702,0.06492921
114.779698,0.38,0.047775,1.943086,0.148326,1.030977,0.0957228
114.879698,0.38,2.4e-05,1.946541,0.204416,1.0214351,0.116727054
114.979698,0.38,0.0,1.93882,0.123921,1.02591,0.09234516
115.079698,0.38,0.0,1.960253,0.057893,1.0388248,0.061634377
115.179698,0.38,0.0,1.989003,0.039015,1.0490282,0.049598306
115.279698,0.38,0.0,2.016351,0.042189,1.0490057,0.04767855
115.379698,0.38,-0.009985,2.042766,0.018441,1.048257,0.050444484
115.479698,0.38,-0.052459,2.053714,0.019316,1.051805,0.05091248
115.579698,0.38,-0.169924,2.060761,-0.014693,1.0578395,0.03852142
115.679698,0.38,-8.3e-05,2.080358,-0.1062,1.0679711,-0.0044950135
115.779698,0.38,0.0,2.103108,-0.13828,1.083922,-0.012397104
115.879698,0.38,0.0,2.098857,-0.038328,1.091202,0.012214412
115.979698,0.38,0.0,2.087837,0.064827,1.0886804,0.036563024
116.079698,0.38,0.0,2.093714,0.086754,1.0873251,0.04634211
116.179698,0.38,0.0,2.103838,0.090131,1.0923986,0.048209924
116.279698,0.38,0.074882,2.114129,0.082362,1.0992405,0.045522165
116.379698,0.382497,0.139914,2.124532,0.081711,1.1027864,0.06047029
116.479698,0.3825,0.144997,2.112837,0.171888,1.0988768,0.097923875
116.579698,0.3825,0.080064,2.095608,0.262999,1.0899508,0.13364275
116.679698,0.3825,0.08,2.117684,0.231012,1.0833098,0.13799244
116.779698,0.3825,5.4e-05,2.149594,0.166089,1.0826186,0.12572546
116.879698,0.3825,0.0,2.169363,0.109887,1.0850472,0.097296685
116.979698,0.387493,0.0,2.186071,0.070797,1.0892375,0.06922196
117.079698,0.3875,0.0,2.191916,0.061718,1.0937765,0.05354868
117.179698,0.3875,-0.307337,2.190521,0.056737,1.0981528,0.049437687
117.279698,0.3875,-0.344968,2.221349,-0.033546,1.1069053,-0.018119
117.379698,0.3875,-0.342503,2.260274,-0.261109,1.1334906,-0.11129782
117.479698,0.3875,-0.255117,2.36302,-0.411456,1.1682998,-0.17610589
117.579698,0.3875,-0.100215,2.48175,-0.483962,1.1910317,-0.18597837
117.679698,0.3875,-0.062534,2.483565,-0.369735,1.192063,-0.13620026
117.779698,0.3875,-0.0625,2.456129,-0.175466,1.1788119,-0.066136666
117.879698,0.3875,-7.1e-05,2.485996,-0.063229,1.1663805,-0.019735731
117.979698,0.38251,0.0,2.530243,0.027572,1.1660929,0.009729978
118.079698,0.3825,0.0,2.523003,0.032575,1.1739869,0.02670215
118.179698,0.3825,0.0,2.502822,0.059159,1.1829829,0.03172173
118.279698,0.3825,0.0,2.541097,0.078383,1.1905062,0.029147472
118.379698,0.3825,0.0,2.594015,0.094246,1.1943599,0.025870675
118.479698,0.3825,0.0,2.638344,0.070624,1.1944921,0.02384679
118.579698,0.3825,0.0,2.676952,0.042671,1.19418,0.023889933
118.679698,0.370003,0.0,2.74925,0.065371,1.1948706,0.025700254
118.779698,0.350013,0.0,2.830004,0.081567,1.1941326,0.027431326
118.879698,0.307553,0.0,2.877336,0.097328,1.1882817,0.0275788
118.979698,0.26757,0.0,2.916301,0.069577,1.1722908,0.025394427
119.079698,0.247531,0.0,2.924838,0.069241,1.1431832,0.021013971
119.179698,0.205069,0.0,2.913098,0.05081,1.1046822,0.015843697
119.279698,0.165056,0.0,2.845848,0.029415,1.0605745,0.010519724
119.379698,0.145031,0.0,2.764696,-0.023437,1.0119375,0.0052813967
119.479698,0.105042,0.0,2.583492,-0.038949,0.9642345,0.0013150913
119.579698,6.3e-05,0.0,2.377193,-0.032596,0.91983366,-0.0015904009
119.679698,0.0,0.0,2.193553,-0.033197,0.8700495,-0.0058990885
119.779698,0.0,0.0,2.015584,0.006773,0.81973183,-0.010114428
119.879698,0.0,0.0,1.835514,0.034098,0.78230834,-0.013011049
119.979698,0.0,0.0,1.654917,0.04836,0.7574339,-0.015337882
120.079698,0.0,0.0,1.486145,0.033943,0.7377735,-0.017812526
120.179698,0.0,0.0,1.320359,0.017546,0.7196429,-0.019713003
120.279698,0.0,0.0,1.19768,0.015058,0.7008743,-0.0207273
120.379698,0.0,0.067456,1.085825,0.026709,0.68165296,-0.021081144
120.479698,0.0,0.0675,1.000429,0.043031,0.6625728,-0.01628996
120.579698,0.0,9.4e-05,0.932652,0.053991,0.64533985,-0.012966728
120.679698,0.0,0.0,0.85092,0.038891,0.63059217,-0.017536309
120.779698,0.0,0.0,0.765686,0.018253,0.6154448,-0.021688102
120.879698,0.0,0.0,0.785811,-0.000424,0.59834087,-0.020542383
120.979698,0.0,0.0,0.832337,0.013168,0.57947093,-0.015095273
121.079698,0.0,0.0,0.841505,0.028004,0.5617582,-0.010431338
121.179698,0.0,0.0,0.841259,0.026806,0.54789525,-0.010336028
121.279698,0.0,0.0,0.849,0.020153,0.53670126,-0.013014318
121.379698,0.0,0.0,0.858742,0.021028,0.525549,-0.014331307
121.479698,0.0,0.0,0.845882,0.007878,0.5136012,-0.013509533
121.579698,0.0,0.0,0.827345,0.009462,0.5020366,-0.011773174
121.679698,0.0,0.0,0.825926,0.016414,0.49265063,-0.009870146
121.779698,0.0,0.0,0.828806,0.016823,0.48424914,-0.008652354
121.879698,0.0,0.0,0.817318,0.013446,0.47538942,-0.008320931
121.979698,0.0,0.0,0.802213,0.016272,0.4658817,-0.008247933
122.079698,0.0,0.0,0.762156,0.016798,0.4562686,-0.007689433
122.179698,0.0,0.0,0.715814,0.018239,0.44694465,-0.0065675722
122.279698,0.0,0.0,0.687275,0.01118,0.43799543,-0.005435028
122.379698,0.0,0.0,0.663202,-0.00261,0.4293568,-0.0047899694
122.479698,0.0,0.0,0.63836,-0.007672,0.42091084,-0.0045803953
122.579698,0.0,0.0,0.613325,-0.003686,0.41253775,-0.0043666903
122.679698,0.0,0.0,0.580081,-0.003027,0.40419465,-0.0038359226
122.779698,0.0,0.0,0.544775,0.0019,0.39595065,-0.003078803
122.879698,0.0,0.0,0.536349,0.005603,0.38791862,-0.0024119765
122.979698,0.0,0.0,0.53465,0.007552,0.38014826,-0.0020208617
123.079698,0.0,0.0,0.538887,0.010708,0.37259105,-0.0018070588
123.179698,0.0,0.0,0.544619,0.006639,0.365163,-0.001541604
123.279698,0.0,0.0,0.549939,-0.00111,0.3578295,-0.0011112329
123.379698,0.0,0.0,0.555155,-0.004308,0.3506278,-0.00060207996
123.479698,0.0,0.0,0.564968,-0.005918,0.3436177,-0.00017452653
123.579698,0.0,0.0,0.575937,-0.011217,0.33682084,0.000107760134
123.679698,0.0,0.0,0.553797,-0.008399,0.33020765,0.0003209542
123.779698,0.0,0.0,0.52336,0.000352,0.32373482,0.0005804667
123.879698,0.0,0.0,0.521024,-0.002794,0.31738785,0.00092224457
123.979698,0.0,0.0,0.525729,-0.007316,0.31118748,0.0012843604
124.079698,0.0,0.0,0.48659,-0.001952,0.30516154,0.0015870971
124.179698,0.0,0.0,0.436438,0.004453,0.2993156,0.0018146889
124.279698,0.0,0.0,0.44051,0.00194,0.29363057,0.0020189653
124.379698,0.0,0.0,0.458159,-0.005927,0.288084,0.0022563809
124.479698,0.0,0.0,0.46284,-0.016851,0.28267026,0.0025325536
124.579698,0.0,0.0,0.464274,-0.0221,0.27740043,0.0028070048
124.679698,0.0,0.0,0.455221,-0.018202,0.2722862,0.003042016
124.779698,0.0,0.0,0.443532,-0.019728,0.2673263,0.0032394936
124.879698,0.0,0.0,0.436102,-0.029058,0.26250798,0.0034320108
124.979698,0.0,0.0,0.429742,-0.028243,0.2578191,0.0036454326
125.079698,0.0,0.0,0.416703,-0.017474,0.25325722,0.0038751347
125.179698,0.0,0.0,0.399217,-0.01325,0.24882759,0.004096583
125.279698,0.0,0.0,0.388024,-0.021109,0.24453393,0.0042934837
125.379698,0.0,0.0,0.381022,-0.030344,0.24037258,0.0044725393
125.479698,0.0,0.0,0.420388,-0.037061,0.23633485,0.0046528033
125.579698,0.0,0.0,0.471395,-0.034131,0.23241366,0.004844852
125.679698,0.0,0.0,0.442946,-0.023351,0.22860757,0.00504215
125.779698,0.0,0.0,0.394588,-0.020603,0.2249183,0.005230872
125.879698,0.0,0.0,0.380537,-0.022792,0.22134577,0.0054050633
125.979698,0.0,0.0,0.389287,-0.019843,0.21788587,0.005571222
126.079698,0.0,0.0,0.384023,-0.020687,0.21453251,0.00573972
126.179698,0.0,0.0,0.375241,-0.026413,0.21128134,0.0059139975
126.279698,0.0,0.0,0.379272,-0.024338,0.20813096,0.006088575
126.379698,0.0,0.0,0.391828,-0.023101,0.205081,0.006256234
126.479698,0.0,0.0,0.371046,-0.030762,0.20212986,0.0064155743
126.579698,0.0,0.0,0.328042,-0.035217,0.19927382,0.006571417
126.679698,0.0,0.0,0.321473,-0.034242,0.1965085,0.006728978
126.779698,0.0,0.0,0.339182,-0.033906,0.1938308,0.0068887332
126.879698,0.0,0.0,0.338864,-0.028324,0.19123922,0.0070469
126.979698,0.0,0.0,0.326555,-0.020668,0.18873253,0.0072000264
127.079698,0.0,0.0,0.349893,-0.027468,0.18630856,0.0073484126
127.179698,0.0,0.0,0.397069,-0.04194,0.18396412,0.007495167
127.279698,0.0,0.0,0.39124,-0.043877,0.18169601,0.0076426654
127.379698,0.0,0.0,0.350015,-0.041178,0.17950186,0.007790408
127.479698,0.0,0.0,0.328506,-0.040113,0.1773801,0.007936074
127.579698,0.0,0.0,0.320122,-0.035283,0.17532912,0.008078201
127.679698,0.0,0.0,0.318337,-0.032265,0.17334674,0.0082175005
127.779698,0.0,0.0,0.320955,-0.030895,0.17143038,0.008355791
127.879698,0.0,0.0,0.313032,-0.033586,0.16957755,0.008494021
127.979698,0.0,0.0,0.298087,-0.041056,0.16778639,0.008631527
128.079698,0.0,0.0,0.301937,-0.042173,0.16605534,0.008767011
128.179698,0.0,0.0,0.310519,-0.032863,0.16438273,0.00889997
128.279698,0.0,0.0,0.294143,-0.026351,0.16276662,0.0090310685
128.379698,0.0,0.0,0.27152,-0.030389,0.16120489,0.009161278
128.479698,0.0,0.0,0.270976,-0.033209,0.15969564,0.009290878
128.579698,0.0,0.0,0.285106,-0.032107,0.15823731,0.009419336
128.679698,0.0,0.0,0.28683,-0.038684,0.15682846,0.009545992
128.779698,0.0,0.0,0.280263,-0.043027,0.15546751,0.009670748
128.879698,0.0,0.0,0.280226,-0.036053,0.15415284,0.009794079
128.979698,0.0,0.0,0.284546,-0.027222,0.15288273,0.0099164685
129.079698,0.0,0.0,0.283307,-0.022886,0.15165567,0.010037952
129.179698,0.0,0.0,0.278361,-0.019204,0.15047035,0.010158159
129.279698,0.0,0.0,0.275437,-0.019638,0.14932545,0.010276777
129.379698,0.0,0.0,0.27386,-0.029068,0.14821962,0.010393853
129.479698,0.0,0.0,0.264381,-0.026865,0.14715154,0.010509702
129.579698,0.0,0.0,0.252905,-0.007741,0.1461198,0.010624548
129.679698,0.0,0.0,0.248736,0.001853,0.1451232,0.010738323
129.779698,0.0,0.0,0.246404,-0.01098,0.14416058,0.010850804
129.879698,0.0,0.0,0.238978,-0.028078,0.14323087,0.010961868
129.979698,0.0,0.0,0.230278,-0.035243,0.14233291,0.011071606
