time_s,throttle_norm,rudder_norm,speed_mps,yaw_rate_rps,segment,mode_num,gps_status,nsats,hdop
0.080074,0,0,0.180423,-0.0861845,0,0,3,18,0.58
0.180074,0,0,0.180341,-0.0676728,0,0,3,18,0.58
0.280074,0,0,0.156734,-0.0470106,0,0,3,18,0.58
0.380074,0,0,0.127292,-0.0550571,0,0,3,18,0.58
0.480074,0,0,0.126038,-0.0885146,0,0,3,18,0.58
0.580074,0,0,0.13175,-0.121223,0,0,3,18,0.58
0.680074,0,0,0.155509,-0.125851,0,0,3,18,0.58
0.780074,0,0,0.183734,-0.113771,0,0,3,18,0.58
0.880074,0,0,0.167519,-0.0960663,0,0,3,18,0.58
0.980074,0,0,0.1403,-0.0859498,0,0,3,18,0.58
1.08007,0,0,0.14802,-0.0979176,0,0,3,18,0.58
1.18007,0,0,0.164403,-0.125426,0,0,3,18,0.58
1.28007,0,0,0.174508,-0.14499,0,0,3,18,0.58
1.38007,0,0,0.183057,-0.134513,0,0,3,18,0.58
1.48007,0,0,0.169923,-0.0942007,0,0,3,18,0.58
1.58007,0,0,0.142437,-0.0800532,0,0,3,18,0.58
1.68007,0,0,0.150515,-0.117063,0,0,3,18,0.58
1.78007,0,0,0.167421,-0.157025,0,0,3,18,0.58
1.88007,0,0,0.169171,-0.153362,0,0,3,18,0.58
1.98007,0,0,0.160888,-0.10884,0,0,3,18,0.58
2.08007,0,0,0.156176,-0.0734887,0,0,3,18,0.58
2.18007,0,0,0.152346,-0.0861461,0,0,3,18,0.58
2.28007,0,0,0.176722,-0.122338,0,0,3,18,0.58
2.38007,0,0,0.208088,-0.133265,0,0,3,18,0.58
2.48007,0,0,0.173071,-0.113645,0,0,3,18,0.58
2.58007,0,0,0.121625,-0.0900766,0,0,3,18,0.58
2.68007,0,0,0.108506,-0.0762511,0,0,3,18,0.58
2.78007,0,0,0.104894,-0.0763395,0,0,3,18,0.58
2.88007,0,0,0.16108,-0.0981967,0,0,3,18,0.58
2.98007,0,0,0.232057,-0.120848,0,0,3,18,0.58
3.08007,0,0,0.186948,-0.117039,0,0,3,18,0.58
3.18007,0,0,0.113124,-0.0858721,0,0,3,18,0.58
3.28007,0,0,0.121039,-0.0677496,0,0,3,18,0.58
3.38007,0,0,0.149156,-0.0712365,0,0,3,18,0.58
3.48007,0,0,0.166406,-0.0850768,0,0,3,18,0.58
3.58007,0,0,0.180964,-0.103894,0,0,3,18,0.58
3.68007,0,0,0.160543,-0.102193,0,0,3,18,0.58
3.78007,0,0,0.131482,-0.0702476,0,0,3,18,0.58
3.88007,0,0,0.124243,-0.0477093,0,0,3,18,0.58
3.98007,0,0,0.122402,-0.0581865,0,0,3,18,0.58
4.08007,0,0,0.134512,-0.0878353,0,0,3,18,0.58
4.18007,0,0,0.150077,-0.105453,0,0,3,18,0.58
4.28007,0,0,0.148446,-0.0840759,0,0,3,18,0.58
4.38007,0,0,0.14255,-0.046464,0,0,3,18,0.58
4.48007,0,0,0.14107,-0.0294002,0,0,3,18,0.58
4.58007,0,0,0.14068,-0.0404653,0,0,3,18,0.58
4.68007,0,0,0.129272,-0.0681955,0,0,3,18,0.58
4.78007,0,0,0.115136,-0.0875462,0,0,3,18,0.58
4.88007,0,0,0.113511,-0.0753904,0,0,3,18,0.58
4.98007,0,0,0.114985,-0.0357467,0,0,3,18,0.58
5.08007,0,0,0.121663,-0.0202952,0,0,3,18,0.58
5.18007,0,0,0.12963,-0.0438413,0,0,3,18,0.58
5.28007,0,0,0.133642,-0.0814265,0,0,3,18,0.58
5.38007,0,0,0.136676,-0.098113,0,0,3,18,0.58
5.48007,0,0,0.144304,-0.0688954,0,0,3,18,0.58
5.58007,0,0,0.153068,-0.010524,0,0,3,18,0.58
5.68007,0,0,0.135986,0.0214247,0,0,3,18,0.58
5.78007,0,0,0.112509,-0.00790196,0,0,3,18,0.58
5.88007,0,0,0.112651,-0.0838721,0,0,3,18,0.58
5.98007,0,0,0.118631,-0.115718,0,0,3,18,0.58
6.08007,0,0,0.1276,-0.0601546,0,0,3,18,0.58
6.18007,0,0,0.138553,0.0185758,0,0,3,18,0.58
6.28007,0,0,0.139978,0.0371999,0,0,3,18,0.58
6.38007,0,0,0.139039,-0.0179639,0,0,3,18,0.58
6.48007,0,0,0.134185,-0.0816727,0,0,3,18,0.58
6.58007,0,0,0.128359,-0.0793196,0,0,3,18,0.58
6.68007,0,0,0.137603,-0.0263936,0,0,3,18,0.58
6.78007,0,0,0.150587,0.0252871,0,0,3,18,0.58
6.88007,0,0,0.175293,0.0196924,0,0,3,18,0.58
6.98007,0,0,0.202909,-0.0283782,0,0,3,18,0.58
7.08007,0,0,0.190008,-0.0623378,0,0,3,18,0.58
7.18007,0,0,0.167043,-0.0546639,0,0,3,18,0.58
7.28007,0,0,0.133788,-0.032592,0,0,3,18,0.58
7.38007,0,0,0.0936968,-0.00850213,0,0,3,18,0.58
7.48007,0,0,0.123434,0.00129939,0,0,3,18,0.58
7.58007,0,0,0.170563,-0.00108244,0,0,3,18,0.58
7.68007,0,0,0.157439,-0.000631144,0,0,3,18,0.58
7.78007,0,0,0.1294,9.45509e-05,0,0,3,18,0.58
7.88007,0,0,0.109399,-0.0257597,0,0,3,18,0.58
7.98007,0,0,0.0913941,-0.0364108,0,0,3,18,0.58
8.08007,0,0,0.125083,-0.00412763,0,0,3,18,0.58
8.18007,0,0,0.171661,0.0282682,0,0,3,18,0.58
8.28007,0,0,0.168862,0.0348645,0,0,3,18,0.58
8.38007,0,0,0.153808,0.0105563,0,0,3,18,0.58
8.48007,0,0,0.140621,-0.0353347,0,0,3,18,0.58
8.58007,0,0,0.127898,-0.0255558,0,0,3,18,0.58
8.68007,0,0,0.114303,0.0194548,0,0,3,18,0.58
8.78007,0,0,0.100492,0.0237349,0,0,3,18,0.58
8.88007,0,0,0.100138,-0.0109856,0,0,3,18,0.58
8.98007,0,0,0.103133,-0.0418541,0,0,3,18,0.58
9.08007,0,0,0.098253,-0.0378003,0,0,3,18,0.58
9.18007,0,0,0.0914094,-0.0082135,0,0,3,18,0.58
9.28007,0,0,0.1141,0.0137235,0,0,3,18,0.58
9.38007,0,0,0.144112,0.00827901,0,0,3,18,0.58
9.48007,0,0,0.144375,-0.00343933,0,0,3,18,0.58
9.58007,0,0,0.137249,-0.00739608,0,0,3,18,0.58
9.68007,0,0,0.124312,-0.011749,0,0,3,18,0.58
9.78007,0,0,0.109932,-0.0182143,0,0,3,18,0.58
9.88007,0,0,0.123007,-0.0112793,0,0,3,18,0.58
9.98007,0,0,0.142904,0.0118977,0,0,3,18,0.58
10.0801,0,0,0.15166,0.0256862,0,0,3,18,0.58
10.1801,0,0,0.157647,0.0126523,0,0,3,18,0.58
10.2801,0,0,0.128529,-0.00582463,0,0,3,18,0.58
10.3801,0,0,0.0907071,-0.0060946,0,0,3,18,0.58
10.4801,0,0,0.0932272,0.00868833,0,0,3,18,0.58
10.5801,0,0,0.10579,0.0359435,0,0,3,18,0.58
10.6801,0,0,0.133724,0.0394488,0,0,3,18,0.58
10.7801,0,0,0.171859,0.0112729,0,0,3,18,0.58
10.8801,0,0,0.131676,-0.0184979,0,0,3,18,0.58
10.9801,0,0,0.0720305,-0.0161785,0,0,3,18,0.58
11.0801,0,0,0.0959799,0.0263276,0,0,3,18,0.58
11.1801,0,0,0.140686,0.0648605,0,0,3,18,0.58
11.2801,0,0,0.13839,0.0608218,0,0,3,18,0.58
11.3801,0,0,0.124428,0.0265809,0,0,3,18,0.58
11.4801,0,0,0.109943,-0.00989543,0,0,3,18,0.58
11.5801,0,0,0.0953283,-0.00732943,0,0,3,18,0.58
11.6801,0,0,0.116064,0.0352695,0,0,3,18,0.58
11.7801,0,0,0.145592,0.0739707,0,0,3,18,0.58
11.8801,0,0,0.106338,0.065197,0,0,3,18,0.58
11.9801,0,0,0.0499666,0.0136389,0,0,3,18,0.58
12.0801,0,0,0.103222,-0.0155764,0,0,3,18,0.58
12.1801,0,0,0.229341,0.0172925,0,0,3,18,0.58
12.2801,0,0,0.189484,0.0577289,0,0,3,18,0.58
12.3801,0,0,0.108468,0.0545128,0,0,3,18,0.58
12.4801,0,0,0.0927678,0.0245875,0,0,3,18,0.58
12.5801,0,0,0.0932794,-0.00772557,0,0,3,18,0.58
12.6801,0,0,0.101368,0.000216193,0,0,3,18,0.58
12.7801,0,0,0.111333,0.0417016,0,0,3,18,0.58
12.8801,0,0,0.151325,0.0650616,0,0,3,18,0.58
12.9801,0,0,0.198784,0.0495972,0,0,3,18,0.58
13.0801,0,0,0.171746,0.0178793,0,0,3,18,0.58
13.1801,0,0,0.126235,0.00149605,0,0,3,18,0.58
13.2801,0,0,0.131241,0.0149743,0,0,3,18,0.58
13.3801,0,0,0.148789,0.0300867,0,0,3,18,0.58
13.4801,0,0,0.169033,0.0336674,0,0,3,18,0.58
13.5801,0,0,0.189946,0.0446443,0,0,3,18,0.58
13.6801,0,0,0.156592,0.0347433,0,0,3,17,0.58
13.7801,0,0,0.109722,0.0159421,0,0,3,17,0.58
13.8801,0,0,0.120366,0.0118659,0,0,3,18,0.58
13.9801,0,0,0.14528,0.0159351,0,0,3,18,0.58
14.0801,0,0,0.122584,0.023534,0,0,3,18,0.58
14.1801,0,0,0.0880734,0.0175078,0,0,3,18,0.58
14.2801,0,0,0.102996,0.00174811,0,0,3,18,0.58
14.3801,0,0,0.130178,0.0173785,0,0,3,18,0.58
14.4801,0,0,0.150954,0.0353399,0,0,3,18,0.58
14.5801,0,0,0.170136,0.0190394,0,0,3,18,0.58
14.6801,0,0,0.148939,-0.00891092,0,0,3,18,0.58
14.7801,0,0,0.117727,-0.0212311,0,0,3,18,0.58
14.8801,0,0,0.103384,-0.00415049,0,0,3,18,0.58
14.9801,0,0,0.093238,0.0214325,0,0,3,18,0.58
15.0801,0,0,0.119741,0.0183853,0,0,3,18,0.58
15.1801,0,0,0.155346,0.000594432,0,0,3,18,0.58
15.2801,0,0,0.152216,-0.0117352,0,0,3,18,0.58
15.3801,0,0,0.139462,-0.00541297,0,0,3,18,0.58
15.4801,0,0,0.139096,0.015577,0,0,3,18,0.58
15.5801,0,0,0.141803,0.0147512,0,0,3,18,0.58
15.6801,0,0,0.128101,-0.0105273,0,0,3,18,0.58
15.7801,0,0,0.110326,-0.0184191,0,0,3,18,0.58
15.8801,0,0,0.115066,-0.0151324,0,0,3,18,0.58
15.9801,0,0,0.125416,0.00144118,0,0,3,18,0.58
16.0801,0,0,0.129241,0.0190433,0,0,3,18,0.58
16.1801,0,0,0.131444,0.00104837,0,0,3,18,0.58
16.2801,0,0,0.144613,-0.0249768,0,0,3,18,0.58
16.3801,0,0,0.160504,-0.0303213,0,0,3,18,0.58
16.4801,0,0,0.12768,-0.0189587,0,0,3,18,0.58
16.5801,0,0,0.0827326,0.00204714,0,0,3,18,0.58
16.6801,0,0,0.0912573,0.00758469,0,0,3,18,0.58
16.7801,0,0,0.113063,-0.0018609,0,0,3,18,0.58
16.8801,0,0,0.11952,-0.0104859,0,0,3,18,0.58
16.9801,0,0,0.122151,-0.0186465,0,0,3,18,0.58
17.0801,0,0,0.116458,-0.0129215,0,0,3,18,0.58
17.1801,0,0,0.1087,0.00992651,0,0,3,18,0.58
17.2801,0,0,0.105166,0.0168382,0,0,3,18,0.58
17.3801,0,0,0.104438,0.00475874,0,0,3,18,0.58
17.4801,0,0,0.103072,-0.0102737,0,0,3,18,0.58
17.5801,0,0,0.101546,-0.0121086,0,0,3,18,0.58
17.6801,0,0,0.103174,0.00486766,0,0,3,18,0.58
17.7801,0,0,0.105586,0.0135927,0,0,3,18,0.58
17.8801,0,0,0.106665,0.00994262,0,0,3,18,0.58
17.9801,0,0,0.107414,0.00524438,0,0,3,18,0.58
18.0801,0,0,0.124997,-0.00570741,0,0,3,18,0.58
18.1801,0,0,0.153751,-0.00652318,0,0,3,18,0.58
18.2801,0,0,0.138159,0.00762662,0,0,3,18,0.58
18.3801,0,0,0.111539,0.0208992,0,0,3,18,0.58
18.4801,0,0,0.0818274,0.0305415,0,0,3,18,0.58
18.5801,0,0,0.051345,0.0154422,0,0,3,18,0.58
18.6801,0,0,0.0793616,-0.0187183,0,0,3,18,0.58
18.7801,0,0,0.121918,-0.0193759,0,0,3,18,0.58
18.8801,0,0,0.117822,0.0203203,0,0,3,18,0.58
18.9801,0,0,0.102139,0.0515747,0,0,3,18,0.58
19.0801,0,0,0.0989291,0.0363213,0,0,3,18,0.58
19.1801,0,0,0.0988153,-0.00618222,0,0,3,18,0.58
19.2801,0,0,0.12556,-0.0216289,0,0,3,18,0.58
19.3801,0,0,0.158961,-0.00376265,0,0,3,18,0.58
19.4801,0,0,0.125069,0.0243348,0,0,3,18,0.58
19.5801,0,0,0.0744667,0.0362864,0,0,3,18,0.58
19.6801,0,0,0.0939664,0.00632174,0,0,3,18,0.58
19.7801,0,0,0.130865,-0.033132,0,0,3,18,0.58
19.8801,0,0,0.110676,-0.022472,0,0,3,18,0.58
19.9801,0,0,0.0762645,0.0178991,0,0,3,18,0.58
20.0801,0,0,0.0836746,0.0312629,0,0,3,18,0.58
20.1801,0,0,0.101457,-0.00535915,0,0,3,18,0.58
20.2801,0,0,0.131808,-0.0540685,0,0,3,18,0.58
20.3801,0,0,0.165283,-0.046734,0,0,3,18,0.58
20.4801,0,0,0.144645,0.00324095,0,0,3,18,0.58
20.5801,0,0,0.110562,0.0211708,0,0,3,18,0.58
20.6801,0,0,0.13165,-0.0180676,0,0,3,18,0.58
20.7801,0,0,0.166471,-0.0534407,0,0,3,18,0.58
20.8801,0,0,0.165051,-0.0391259,0,0,3,18,0.58
20.9801,0,0,0.139525,-0.00812474,0,0,3,18,0.58
21.0801,0,0,0.114337,0.00726113,0,0,3,18,0.58
21.1801,0,0,0.0893749,0.00246237,0,0,3,18,0.58
21.2801,0,0,0.123236,-0.00480021,0,0,3,18,0.58
21.3801,0,0,0.171791,-0.0119846,0,0,3,18,0.58
21.4801,0,0,0.129466,-0.00909926,0,0,3,18,0.58
21.5801,0,0,0.0645254,0.00657913,0,0,3,18,0.58
21.6801,0,0,0.0686692,0.0155438,0,0,3,18,0.58
21.7801,0,0,0.0899408,0.0117935,0,0,3,18,0.58
21.8801,0,0,0.117549,0.00861431,0,0,3,18,0.58
21.9801,0,0,0.146732,0.00772519,0,0,3,18,0.58
22.0801,0,0,0.149187,-0.00931227,0,0,3,18,0.58
22.1801,0,0,0.13388,-0.0212632,0,0,3,18,0.58
22.2801,0,0,0.110108,0.00239023,0,0,3,18,0.58
22.3801,0,0,0.0842329,0.0251733,0,0,3,18,0.58
22.4801,0,0,0.128297,0.00427223,0,0,3,18,0.58
22.5801,0,0,0.18977,-0.0330641,0,0,3,18,0.58
22.6801,0,0,0.156192,-0.0369042,0,0,3,18,0.58
22.7801,0,0,0.0990007,-0.00561587,0,0,3,18,0.58
22.8801,0,0,0.0918083,0.0197627,0,0,3,18,0.58
22.9801,0,0,0.0970392,0.0124304,0,0,3,18,0.58
23.0801,0,0,0.111811,-0.0166683,0,0,3,18,0.58
23.1801,0,0,0.128957,-0.034893,0,0,3,18,0.58
23.2801,0,0,0.117423,-0.0207412,0,0,3,17,0.58
23.3801,0,0,0.0987293,0.00757828,0,0,3,17,0.58
23.4801,0,0,0.103806,0.0132008,0,0,3,17,0.58
23.5801,0,0,0.12467,-0.00212506,0,0,3,17,0.58
23.6801,0,0,0.131104,-0.00921385,0,0,3,17,0.58
23.7801,0,0,0.133957,-0.00873311,0,0,3,17,0.58
23.8801,0,0,0.12281,-0.00421481,0,0,3,17,0.58
23.9801,0,0,0.108185,0.00114731,0,0,3,17,0.58
24.0801,0,0,0.121904,-0.00719992,0,0,3,17,0.62
24.1801,0,0,0.154479,-0.00898837,0,0,3,17,0.62
24.2801,0,0,0.143984,0.00422309,0,0,3,17,0.62
24.3801,0,0,0.122785,0.0151706,0,0,3,17,0.62
24.4801,0,0,0.120058,0.00538062,0,0,3,17,0.62
24.5801,0,0,0.121927,-0.0116976,0,0,3,17,0.62
24.6801,0,0,0.14729,0.00233764,0,0,3,17,0.62
24.7801,0,0,0.178499,0.0241559,0,0,3,17,0.62
24.8801,3.99408e-05,0,0.143861,0.0347289,0,0,3,17,0.62
24.9801,0.117504,0,0.0928965,0.0362507,0,0,3,17,0.62
25.0801,0.157493,0,0.0836059,0.021485,0,0,3,17,0.62
25.1801,0.180003,0,0.0846559,-0.0044909,0,0,3,17,0.62
25.2801,0.219992,0,0.133659,0.00764694,0,0,3,18,0.62
25.3801,0.242495,0,0.194562,0.0251208,0,0,3,18,0.62
25.4801,0.2425,0,0.287472,0.0273272,0,0,3,17,0.62
25.5801,0.24,0,0.388343,0.0352811,0,0,3,17,0.62
25.6801,0.24,0,0.507523,0.0341965,0,0,3,18,0.62
25.7801,0.2375,0,0.631243,0.0046754,0,0,3,18,0.62
25.8801,0.2375,0,0.74814,0.0219196,0,0,3,18,0.62
25.9801,0.237498,0,0.863341,0.0743642,0,0,3,18,0.62
26.0801,0.232501,0,0.938247,0.11857,0,0,3,18,0.58
26.1801,0.237499,0,1.00312,0.12923,0,0,3,18,0.58
26.2801,0.232501,0,1.09248,0.105652,0,0,3,18,0.58
26.3801,0.2325,0,1.18794,0.100423,0,0,3,18,0.58
26.4801,0.2325,0,1.22654,0.0997902,0,0,3,18,0.58
26.5801,0.2325,0,1.25093,0.0991631,0,0,3,18,0.58
26.6801,0.2325,0,1.24462,0.0941161,0,0,3,18,0.58
26.7801,0.2325,0,1.23071,0.0704399,0,0,3,18,0.58
26.8801,0.2325,0,1.27609,0.0535204,0,0,3,18,0.58
26.9801,0.2325,0,1.3362,0.0327769,0,0,3,18,0.58
27.0801,0.2325,0,1.34635,0.0236276,0,0,3,18,0.58
27.1801,0.2325,0,1.3441,0.0202527,0,0,3,18,0.58
27.2801,0.2325,0,1.35354,0.0186509,0,0,3,18,0.58
27.3801,0.2325,0,1.37076,0.021703,0,0,3,18,0.58
27.4801,0.2325,0,1.36993,0.0413707,0,0,3,18,0.58
27.5801,0.237498,0,1.36462,0.0817555,0,0,3,18,0.58
27.6801,0.2375,0,1.38806,0.14238,0,0,3,18,0.58
27.7801,0.2375,0,1.41865,0.119216,0,0,3,18,0.58
27.8801,0.2375,0,1.45712,0.0749774,0,0,3,18,0.58
27.9801,0.2375,0,1.49756,0.0442036,0,0,3,18,0.58
28.0801,0.2375,0,1.49553,0.0179979,0,0,3,18,0.58
28.1801,0.2375,0,1.48294,-0.0148745,0,0,3,18,0.58
28.2801,0.2375,0,1.48369,-0.0142021,0,0,3,18,0.58
28.3801,0.2375,0,1.48774,0.0108786,0,0,3,18,0.58
28.4801,0.2375,0,1.49273,0.0189778,0,0,3,17,0.58
28.5801,0.2375,0,1.49795,-0.00165066,0,0,3,17,0.58
28.6801,0.2375,0,1.47936,0.00220251,0,0,3,17,0.58
28.7801,0.2375,0,1.45487,0.0257875,0,0,3,17,0.58
28.8801,0.2375,0,1.44748,0.0300647,0,0,3,17,0.58
28.9801,0.2375,0,1.44434,0.0296858,0,0,3,17,0.58
29.0801,0.2375,0,1.46393,0.031222,0,0,3,17,0.62
29.1801,0.2375,0,1.48917,0.0106532,0,0,3,17,0.62
29.2801,0.2375,0,1.48489,-0.0112971,0,0,3,17,0.62
29.3801,0.2375,0,1.47326,-0.0276934,0,0,3,17,0.62
29.4801,0.2375,0,1.46157,-0.05639,0,0,3,17,0.62
29.5801,0.2375,0,1.44987,-0.0409561,0,0,3,17,0.62
29.6801,0.2375,0,1.44577,-0.000803559,0,0,3,17,0.62
29.7801,0.2375,0,1.44355,0.0221881,0,0,3,17,0.62
29.8801,0.2375,0,1.46206,0.0437069,0,0,3,17,0.62
29.9801,0.2375,0,1.48572,0.0648704,0,0,3,17,0.62
30.0801,0.2375,0,1.46542,0.0821579,0,0,3,17,0.62
30.1801,0.2375,0,1.41585,0.112358,0,0,3,17,0.62
30.2801,0.2375,0,1.44198,0.110726,0,0,3,17,0.62
30.3801,0.2375,0,1.48687,0.0854478,0,0,3,17,0.62
30.4801,0.2375,0,1.48751,0.0529912,0,0,3,17,0.62
30.5801,0.2375,0,1.47717,0.0200248,0,0,3,17,0.62
30.6801,0.2375,0,1.47409,0.0291498,0,0,3,17,0.62
30.7801,0.2375,0,1.47282,0.0385547,0,0,3,17,0.62
30.8801,0.2375,0,1.47897,0.0401763,0,0,3,17,0.62
30.9801,0.2375,0,1.48697,0.0100226,0,0,3,17,0.62
31.0801,0.2375,0,1.51624,-5.36321e-05,0,0,3,18,0.62
31.1801,0.2375,0,1.55078,-0.00943891,0,0,3,18,0.62
31.2801,0.2375,0,1.52306,-0.0204025,0,0,3,18,0.62
31.3801,0.2375,0,1.4799,-0.00111551,0,0,3,18,0.62
31.4801,0.2375,0,1.4631,0.00937829,0,0,3,18,0.62
31.5801,0.2375,0,1.45285,0.0195887,0,0,3,18,0.62
31.6801,0.2375,0,1.44862,0.0550955,0,0,3,19,0.62
31.7801,0.2375,0,1.44589,0.086589,0,0,3,19,0.62
31.8801,0.2375,0,1.46363,0.0610548,0,0,3,19,0.62
31.9801,0.2375,0,1.495,0.0182164,0,0,3,19,0.62
32.0801,0.2375,0,1.47829,0.00656765,0,0,3,18,0.58
32.1801,0.2375,0,1.44968,0.00643692,0,0,3,18,0.58
32.2801,0.2375,0,1.48352,0.00488195,0,0,3,19,0.58
32.3801,0.2375,0,1.53296,0.00965541,0,0,3,19,0.58
32.4801,0.24,0,1.50188,0.00417569,0,0,3,19,0.58
32.5801,0.239999,0,1.45076,-0.0193439,0,0,3,19,0.58
32.6801,0.2375,0,1.43764,0.0165134,0,0,3,19,0.58
32.7801,0.2375,0,1.43393,0.056112,0,0,3,19,0.58
32.8801,0.2375,0,1.45204,0.0624606,0,0,3,18,0.58
32.9801,0.2375,0,1.47557,0.0455131,0,0,3,18,0.58
33.0801,0.2375,0,1.44866,0.0243597,0,0,3,18,0.58
33.1801,0.2375,0,1.40924,0.0277808,0,0,3,18,0.58
33.2801,0.2375,0,1.43729,0.0239856,0,0,3,18,0.58
33.3801,0.2375,0,1.48212,0.0306292,0,0,3,18,0.58
33.4801,0.2375,0,1.47807,0.0173528,0,0,3,18,0.58
33.5801,0.2375,0,1.46189,-0.0164056,0,0,3,18,0.58
33.6801,0.2375,0,1.47084,-0.016499,0,0,3,19,0.58
33.7801,0.2375,0,1.48603,0.014831,0,0,3,19,0.58
33.8801,0.2375,0,1.47035,-0.00234861,0,0,3,19,0.58
33.9801,0.2375,0,1.44696,-0.00254218,0,0,3,19,0.58
34.0801,0.2375,0,1.46138,0.0260406,0,0,3,19,0.58
34.1801,0.2375,0,1.48516,0.0481607,0,0,3,19,0.58
34.2801,0.2375,0,1.50381,0.0557374,0,0,3,19,0.58
34.3801,0.239999,0,1.52118,0.050606,0,0,3,19,0.58
34.4801,0.24,0,1.4949,0.0677053,0,0,3,19,0.58
34.5801,0.24,0,1.45779,0.0543263,0,0,3,19,0.58
34.6801,0.24,0,1.46936,0.0330979,0,0,3,19,0.58
34.7801,0.24,0,1.493,0.0392833,0,0,3,19,0.58
34.8801,0.24,0,1.48351,0.0343255,0,0,3,19,0.58
34.9801,0.24,0,1.46577,0.0429185,0,0,3,19,0.58
35.0801,0.24,0,1.48396,0.052053,0,0,3,19,0.58
35.1801,0.24,0,1.51108,0.0431682,0,0,3,19,0.58
35.2801,0.24,0,1.50384,0.0395135,0,0,3,19,0.58
35.3801,0.24,0,1.48808,0.0419933,0,0,3,19,0.58
35.4801,0.24,0,1.46792,0.0369789,0,0,3,19,0.58
35.5801,0.24,0,1.44666,0.0305086,0,0,3,19,0.58
35.6801,0.24,0,1.45069,0.039947,0,0,3,19,0.58
35.7801,0.24,0,1.461,0.0461595,0,0,3,19,0.58
35.8801,0.24,0,1.47023,0.0343033,0,0,3,19,0.58
35.9801,0.24,0,1.4792,0.0126789,0,0,3,19,0.58
36.0801,0.24,0,1.49454,-0.0226478,0,0,3,19,0.58
36.1801,0.24,0,1.51145,-0.0403656,0,0,3,19,0.58
36.2801,0.24,0,1.50648,-0.00399884,0,0,3,19,0.58
36.3801,0.24,0,1.48696,0.0123323,0,0,3,19,0.58
36.4801,0.24,0,1.49707,0.0110277,0,0,3,19,0.58
36.5801,0.24,0,1.51456,0.0128589,0,0,3,19,0.58
36.6801,0.24,0,1.53105,0.0307599,0,0,3,19,0.58
36.7801,0.24,0,1.54729,0.0297163,0,0,3,19,0.58
36.8801,0.240001,0,1.53477,0.00875683,0,0,3,19,0.58
36.9801,0.242499,0,1.51511,0.00470712,0,0,3,19,0.58
37.0801,0.24,0,1.51193,0.0165982,0,0,3,19,0.58
37.1801,0.24,0,1.51285,0.00631194,0,0,3,19,0.58
37.2801,0.24,0,1.50661,-0.0174222,0,0,3,19,0.58
37.3801,0.24,0,1.49563,-0.00982866,0,0,3,19,0.58
37.4801,0.24,0,1.49004,0.012945,0,0,3,19,0.58
37.5801,0.24,0,1.4858,0.0185473,0,0,3,19,0.58
37.6801,0.237501,0,1.48217,0.0189869,0,0,3,19,0.58
37.7801,0.237499,0,1.4787,0.0382328,0,0,3,19,0.58
37.8801,0.230003,0,1.48593,0.0550008,0,0,3,19,0.58
37.9801,0.227501,0,1.49583,0.0514953,0,0,3,19,0.58
38.0801,0.190012,0,1.48311,0.0321584,0,0,3,19,0.58
38.1801,0.147495,0,1.46475,0.012911,0,0,3,19,0.58
38.2801,0.127506,0,1.41384,-0.00761826,0,0,3,19,0.58
38.3801,0.0875108,0,1.35485,-0.0174789,0,0,3,19,0.58
38.4801,0,0,1.24014,-0.0203407,0,0,3,19,0.58
38.5801,0,0,1.1116,-0.00510482,0,0,3,19,0.58
38.6801,0,0,1.02299,-0.0292256,0,0,3,19,0.58
38.7801,0,0,0.944322,-0.0273223,0,0,3,19,0.58
38.8801,0,0,0.914191,-0.0135891,0,0,3,19,0.58
38.9801,0,0,0.896098,-0.0206867,0,0,3,19,0.58
39.0801,0,0,0.860303,-0.0404479,0,0,3,19,0.58
39.1801,0,0,0.820113,-0.0909332,0,0,3,19,0.58
39.2801,0,0,0.865879,-0.113441,0,0,3,19,0.58
39.3801,0,0,0.932969,-0.0903937,0,0,3,19,0.58
39.4801,0,0,0.899712,-0.0289525,0,0,3,19,0.58
39.5801,0,0,0.84152,-0.00753847,0,0,3,19,0.58
39.6801,0,0,0.827117,-0.0439353,0,0,3,19,0.58
39.7801,0,0,0.823622,-0.0662348,0,0,3,19,0.58
39.8801,0,0,0.814476,-0.0328115,0,0,3,19,0.58
39.9801,0,0,0.803927,-0.0215855,0,0,3,19,0.58
40.0801,0,0,0.78021,-0.0305982,0,0,3,19,0.58
40.1801,0,0,0.753209,-0.0122086,0,0,3,19,0.58
40.2801,0,0,0.691312,-0.0318069,0,0,3,19,0.58
40.3801,0,0,0.620734,-0.0485256,0,0,3,19,0.58
40.4801,0,0,0.615845,-0.0569426,0,0,3,19,0.58
40.5801,0,0,0.627254,-0.0458347,0,0,3,19,0.58
40.6801,0,0,0.647392,-0.0341255,0,0,3,19,0.58
40.7801,0,0,0.673324,-0.0207806,0,0,3,19,0.58
40.8801,0,0,0.628936,-0.00266291,0,0,3,19,0.58
40.9801,0,0,0.567093,0.0202632,0,0,3,19,0.58
41.0801,0,0,0.576009,-0.0018375,0,0,3,19,0.58
41.1801,0,0,0.602496,-0.0649271,0,0,3,19,0.58
41.2801,0,0,0.603343,-0.100083,0,0,3,19,0.58
41.3801,0,0,0.587122,-0.0781171,0,0,3,19,0.58
41.4801,0,0,0.557026,-0.00969816,0,0,3,19,0.58
41.5801,0,0,0.523488,0.0219098,0,0,3,19,0.58
41.6801,0,0,0.503154,0.00976705,0,0,3,19,0.58
41.7801,0,0,0.486105,-0.0145367,0,0,3,19,0.58
41.8801,0,0,0.463243,-0.0110473,0,0,3,19,0.58
41.9801,0,0,0.438933,0.00729629,0,0,3,19,0.58
42.0801,0,0,0.433129,-0.00397561,0,0,3,19,0.58
42.1801,0,0,0.439634,-0.0193854,0,0,3,19,0.58
42.2801,0,0,0.44056,-0.0185139,0,0,3,19,0.58
42.3801,0,0,0.440102,0.00549915,0,0,3,19,0.58
42.4801,1.07976e-05,1.7996e-06,0.45812,0.0236003,0,0,3,19,0.58
42.5801,0.089991,0.0149985,0.48073,0.0195262,0,0,3,19,0.58
42.6801,0.132488,0.684812,0.472341,-0.0136944,0,0,3,19,0.58
42.7801,0.1725,0.895,0.456247,-0.0235381,0,0,3,19,0.58
42.8801,0.192513,0.915002,0.495393,0.0368767,0,0,3,19,0.58
42.9801,0.232503,0.9225,0.548257,0.124651,0,0,3,19,0.58
43.0801,0.274994,0.9225,0.565382,0.180313,0,0,3,19,0.58
43.1801,0.295015,0.922499,0.573648,0.194371,0,0,3,19,0.58
43.2801,0.335003,0.92,0.748225,0.236635,0,0,3,19,0.58
43.3801,0.375001,0.9175,0.964198,0.34993,0,0,3,19,0.58
43.4801,0.392499,0.9175,1.11752,0.444299,0,0,3,19,0.58
43.5801,0.389994,0.9175,1.25523,0.493733,0,0,3,19,0.58
43.6801,0.38,0.9175,1.34314,0.518505,0,0,3,19,0.58
43.7801,0.382499,0.9175,1.4187,0.536525,0,0,3,19,0.58
43.8801,0.3825,0.9175,1.50533,0.5578,0,0,3,19,0.58
43.9801,0.3825,0.9175,1.59471,0.568715,0,0,3,19,0.58
44.0801,0.3825,0.9175,1.61611,0.566992,0,0,3,19,0.58
44.1801,0.3825,0.9125,1.62064,0.550627,0,0,3,19,0.58
44.2801,0.387498,0.9125,1.63033,0.550689,0,0,3,19,0.58
44.3801,0.3875,0.9125,1.64129,0.570461,0,0,3,19,0.58
44.4801,0.3875,0.9125,1.66262,0.592665,0,0,3,19,0.58
44.5801,0.3875,0.9125,1.68653,0.582944,0,0,3,19,0.58
44.6801,0.39,0.9125,1.67735,0.599198,0,0,3,19,0.58
44.7801,0.39,0.9125,1.65996,0.591319,0,0,3,19,0.58
44.8801,0.39,0.9125,1.67412,0.607243,0,0,3,19,0.58
44.9801,0.39,0.9125,1.69615,0.617694,0,0,3,19,0.58
45.0801,0.39,0.9125,1.7205,0.622912,0,0,3,19,0.58
45.1801,0.39,0.9125,1.74542,0.63197,0,0,3,19,0.58
45.2801,0.39,0.9125,1.75987,0.61503,0,0,3,19,0.58
45.3801,0.39,0.9125,1.77172,0.618898,0,0,3,19,0.58
45.4801,0.39,0.9125,1.74269,0.62376,0,0,3,19,0.58
45.5801,0.39,0.9125,1.70349,0.621419,0,0,3,19,0.58
45.6801,0.3925,0.9125,1.7168,0.633933,0,0,3,19,0.58
45.7801,0.3925,0.9125,1.74313,0.654883,0,0,3,19,0.58
45.8801,0.3975,0.9125,1.72168,0.684385,0,0,3,19,0.58
45.9801,0.3975,0.9125,1.68831,0.718761,0,0,3,19,0.58
46.0801,0.3975,0.9125,1.66484,0.744759,0,0,3,19,0.58
46.1801,0.3975,0.9125,1.64383,0.76946,0,0,3,19,0.58
46.2801,0.3975,0.9125,1.66685,0.786824,0,0,3,19,0.58
46.3801,0.3975,0.9125,1.70081,0.806311,0,0,3,19,0.58
46.4801,0.3975,0.9125,1.71327,0.807593,0,0,3,19,0.58
46.5801,0.3975,0.9125,1.72036,0.821473,0,0,3,19,0.58
46.6801,0.3975,0.9125,1.65841,0.822526,0,0,3,19,0.58
46.7801,0.397503,0.9125,1.57937,0.817101,0,0,3,19,0.58
46.8801,0.407497,0.9125,1.64572,0.82576,0,0,3,19,0.58
46.9801,0.409999,0.9125,1.74824,0.816452,0,0,3,19,0.58
47.0801,0.41,0.9125,1.75097,0.816158,0,0,3,19,0.58
47.1801,0.41,0.9125,1.72896,0.805301,0,0,3,19,0.58
47.2801,0.41,0.9125,1.72819,0.801261,0,0,3,19,0.58
47.3801,0.41,0.890008,1.74157,0.790192,0,0,3,19,0.58
47.4801,0.41,0.417258,1.74984,0.791444,0,0,3,19,0.58
47.5801,0.41,0,1.75684,0.702697,0,0,3,19,0.58
47.6801,0.41,0,1.81001,0.387567,0,0,3,19,0.58
47.7801,0.41,0,1.87461,0.0849474,0,0,3,19,0.58
47.8801,0.41,0,1.7575,-0.0481962,0,0,3,19,0.58
47.9801,0.41,0,1.59518,-0.0537809,0,0,3,19,0.58
48.0801,0.41,0,1.57825,-0.0150444,0,0,3,19,0.58
48.1801,0.41,0,1.65783,0.0305707,0,0,3,19,0.58
48.2801,0.41,0,1.72633,-0.0118105,0,0,3,19,0.58
48.3801,0.41,0,1.79209,-0.0132252,0,0,3,19,0.58
48.4801,0.41,0,1.91595,0.000907731,0,0,3,19,0.58
48.5801,0.41,0,2.05424,0.00793439,0,0,3,19,0.58
48.6801,0.41,0,2.08852,0.0327581,0,0,3,19,0.58
48.7801,0.41,0,2.09699,0.0473542,0,0,3,19,0.58
48.8801,0.41,0,2.12458,0.0628212,0,0,3,19,0.58
48.9801,0.41,0,2.15693,0.0591688,0,0,3,19,0.58
49.0801,0.41,0,2.2119,0.0485442,0,0,3,19,0.58
49.1801,0.41,0,2.27248,0.0538853,0,0,3,19,0.58
49.2801,0.41,0,2.30167,0.0499905,0,0,3,19,0.58
49.3801,0.41,0,2.3231,0.06952,0,0,3,19,0.58
49.4801,0.41,0,2.38871,0.106581,0,0,3,19,0.58
49.5801,0.41,0,2.46529,0.113807,0,0,3,19,0.58
49.6801,0.41,0,2.48402,0.0879876,0,0,3,19,0.58
49.7801,0.41,0,2.48835,0.103121,0,0,3,19,0.58
49.8801,0.41,0,2.53535,0.11875,0,0,3,19,0.58
49.9801,0.41,0,2.59292,0.107096,0,0,3,19,0.58
50.0801,0.41,0,2.5977,0.146254,0,0,3,19,0.58
50.1801,0.41,0,2.58941,0.0964655,0,0,3,19,0.58
50.2801,0.41,0,2.71444,0.0925408,0,0,3,19,0.58
50.3801,0.41,0,2.87256,0.08868,0,0,3,19,0.58
50.4801,0.41,0,2.93237,0.10321,0,0,3,19,0.58
50.5801,0.41,0,2.96785,0.129638,0,0,3,19,0.58
50.6801,0.41,0,2.98988,0.0999029,0,0,3,19,0.58
50.7801,0.41,0,3.00857,0.0909306,0,0,3,19,0.58
50.8801,0.41,0,3.02845,0.0842068,0,0,3,19,0.58
50.9801,0.41,0,3.04862,0.110502,0,0,3,19,0.58
51.0801,0.41,0,3.0979,0.118153,0,0,3,19,0.58
51.1801,0.41,0,3.15441,0.151956,0,0,3,19,0.58
51.2801,0.41,0,3.21879,0.164141,0,0,3,19,0.58
51.3801,0.41,-1.04485e-05,3.2884,0.150254,0,0,3,19,0.58
51.4801,0.41,-0.0275096,3.34612,0.14454,0,0,3,19,0.58
51.5801,0.41,-0.0675,3.40089,0.145042,0,0,3,19,0.58
51.6801,0.41,-0.072499,3.53861,0.115452,0,0,3,19,0.58
51.7801,0.41,-0.0725,3.69699,0.0322168,0,0,3,19,0.58
51.8801,0.41,-0.052502,3.70881,0.0367974,0,0,3,19,0.58
51.9801,0.41,-0.0525,3.68424,0.022414,0,0,3,19,0.58
52.0801,0.41,-0.0924796,3.71976,0.0721316,0,0,3,19,0.58
52.1801,0.41,0,3.77015,0.0842509,0,0,3,19,0.58
52.2801,0.41,-2.47188e-05,3.8283,0.149446,0,0,3,19,0.58
52.3801,0.41,-0.107498,3.88837,0.257888,0,0,3,19,0.58
52.4801,0.41,-0.302471,3.95083,0.227523,0,0,3,19,0.58
52.5801,0.409995,-0.387537,4.01388,-0.129511,0,0,3,19,0.58
52.6801,0.397492,-0.477502,4.21326,-0.352289,0,0,3,19,0.58
52.7801,0.355006,-0.487499,4.44664,-0.669262,0,0,3,19,0.58
52.8801,0.334977,-0.484936,4.47867,-0.981113,0,0,3,19,0.58
52.9801,0.294983,-0.374932,4.46084,-1.0566,0,0,3,19,0.58
53.0801,0.252495,-0.209988,4.42007,-1.00684,0,0,3,19,0.58
53.1801,0.232502,-0.162506,4.3736,-0.773158,0,0,3,19,0.58
53.2801,0.192518,-0.254959,4.15259,-0.497126,0,0,3,19,0.58
53.3801,0.152521,-0.272491,3.88828,-0.411065,0,0,3,19,0.58
53.4801,0.132492,-0.2725,3.70204,-0.463143,0,0,3,19,0.58
53.5801,0.0900093,-0.2725,3.53516,-0.526547,0,0,3,19,0.58
53.6801,4.49874e-05,-0.2725,3.30121,-0.538555,0,0,3,19,0.58
53.7801,0,-0.2825,3.05063,-0.530133,0,0,3,19,0.58
53.8801,0,-0.282484,2.84235,-0.477896,0,0,3,19,0.58
53.9801,0,-0.140002,2.64454,-0.443642,0,0,3,19,0.58
54.0801,0,-0.157524,2.41735,-0.337608,0,0,3,19,0.58
54.1801,0,-0.21,2.17063,-0.221863,0,0,3,19,0.58
54.2801,0,-0.21,1.96836,-0.182586,0,0,3,19,0.58
54.3801,0,-0.192502,1.77716,-0.151851,0,0,3,19,0.58
54.4801,0,-0.144928,1.65254,-0.141901,0,0,3,19,0.58
54.5801,0,0,1.54441,-0.106608,0,0,3,19,0.58
54.6801,0,0,1.37113,-0.0411306,0,0,3,19,0.58
54.7801,0,0,1.18167,0.00944203,0,0,3,19,0.58
54.8801,0,0,1.06649,0.0289723,0,0,3,19,0.58
54.9801,0,0,0.969727,0.0331022,0,0,3,19,0.58
55.0801,0,0,0.892316,0.0232964,0,0,3,19,0.58
55.1801,0,-0.0424894,0.81971,-0.00983763,0,0,3,19,0.58
55.2801,0.107507,-0.230015,0.783925,0.00313614,0,0,3,19,0.58
55.3801,0.127479,-0.274953,0.757291,-0.0207813,0,0,3,19,0.58
55.4801,0.170006,-0.2875,0.761641,-0.0359106,0,0,3,19,0.58
55.5801,0.195001,-0.2875,0.773689,-0.0294453,0,0,3,19,0.58
55.6801,0.205003,-0.2875,0.807725,-0.0132709,0,0,3,19,0.58
55.7801,0.212502,-0.287501,0.847216,-0.00556847,0,0,3,19,0.58
55.8801,0.22,-0.29,0.932555,-0.0139862,0,0,3,19,0.58
55.9801,0.222498,-0.2875,1.0293,-0.0254821,0,0,3,19,0.58
56.0801,0.22,-0.2875,1.12042,-0.0262469,0,0,3,19,0.58
56.1801,0.22,-0.2875,1.21016,-0.0130534,0,0,3,19,0.58
56.2801,0.22,-0.2875,1.26011,-0.0657041,0,0,3,19,0.58
56.3801,0.212506,-0.329966,1.30018,-0.0480034,0,0,3,19,0.58
56.4801,0.2125,-0.337501,1.33346,-0.112744,0,0,3,19,0.58
56.5801,0.2125,-0.342499,1.36506,-0.113201,0,0,3,19,0.58
56.6801,0.2125,-0.362488,1.36167,-0.14657,0,0,3,19,0.58
56.7801,0.2125,-0.407489,1.34963,-0.15135,0,0,3,19,0.58
56.8801,0.2175,-0.425005,1.35676,-0.184378,0,0,3,19,0.58
56.9801,0.217498,-0.435009,1.36866,-0.212769,0,0,3,19,0.58
57.0801,0.2125,-0.460009,1.35632,-0.222796,0,0,3,19,0.58
57.1801,0.212495,-0.487513,1.33799,-0.248979,0,0,3,19,0.58
57.2801,0.205,-0.507502,1.32799,-0.255607,0,0,3,19,0.58
57.3801,0.204999,-0.520001,1.32353,-0.295621,0,0,3,19,0.58
57.4801,0.202499,-0.5225,1.29919,-0.288566,0,0,3,19,0.58
57.5801,0.199996,-0.522494,1.26988,-0.296392,0,0,3,19,0.58
57.6801,0.189994,-0.50744,1.22302,-0.297206,0,0,3,19,0.58
57.7801,0.169993,-0.314966,1.17181,-0.292557,0,0,3,19,0.58
57.8801,0.127508,-0.102538,1.1172,-0.261046,0,0,3,19,0.58
57.9801,0.087486,0,1.06175,-0.16216,0,0,3,19,0.58
58.0801,0,0,0.984111,-0.12724,0,0,3,19,0.58
58.1801,0,0,0.900972,-0.0967544,0,0,3,19,0.58
58.2801,0,0,0.862879,-0.117239,0,0,3,19,0.58
58.3801,0,0,0.835945,-0.13077,0,0,3,19,0.58
58.4801,0,0,0.788242,-0.120929,0,0,3,19,0.58
58.5801,0,0,0.735369,-0.12571,0,0,3,19,0.58
58.6801,0,0,0.750122,-0.127753,0,0,3,19,0.58
58.7801,0,0,0.781624,-0.11122,0,0,3,19,0.58
58.8801,0,0,0.790258,-0.0942717,0,0,3,19,0.58
58.9801,0,0,0.793202,-0.0563624,0,0,3,19,0.58
59.0801,0,0,0.775746,-0.0289743,0,0,3,19,0.58
59.1801,0,0,0.753209,-0.00499177,0,0,3,19,0.58
59.2801,0,0,0.717432,0.00573279,0,0,3,19,0.58
59.3801,0,0,0.678367,0.0259892,0,0,3,19,0.58
59.4801,0,0,0.637264,0.0222729,0,0,3,19,0.58
59.5801,0,0,0.595652,0.0426925,0,0,3,19,0.58
59.6801,0,0,0.568575,0.0503718,0,0,3,19,0.58
59.7801,0,0,0.545105,0.0389517,0,0,3,19,0.58
59.8801,0,0,0.508445,0.0340486,0,0,3,19,0.58
59.9801,0,0,0.468506,0.0418543,0,0,3,19,0.58
60.0801,0,0,0.497209,0.0378582,0,0,3,19,0.58
60.1801,0,0,0.571418,0.0233689,0,0,3,19,0.58
60.2801,0,0,0.548985,0.0232295,0,0,3,19,0.58
60.3801,0,0,0.502576,0.0324459,0,0,3,19,0.58
60.4801,0,0,0.454057,0.0332882,0,0,3,19,0.58
60.5801,0,0,0.405012,0.0337314,0,0,3,19,0.58
60.6801,0,0,0.412953,0.0473433,0,0,3,19,0.58
60.7801,0,0,0.435078,0.0557721,0,0,3,19,0.58
60.8801,0,0,0.44515,0.0638023,0,0,3,19,0.58
60.9801,0,0,0.452227,0.0789161,0,0,3,19,0.58
61.0801,0,0,0.410193,0.0886892,0,0,3,19,0.58
61.1801,0,0,0.355951,0.0924638,0,0,3,19,0.58
61.2801,0,0,0.337297,0.0994412,0,0,3,19,0.58
61.3801,0,0,0.327479,0.0912533,0,0,3,19,0.58
61.4801,0,0,0.33639,0.0901094,0,0,3,19,0.58
61.5801,0,0,0.349961,0.0924247,0,0,3,19,0.58
61.6801,0,0,0.333107,0.0890126,0,0,3,19,0.58
61.7801,0,0,0.308696,0.0879566,0,0,3,19,0.58
61.8801,0,0,0.302219,0.0919146,0,0,3,19,0.58
61.9801,0,0,0.300194,0.0997147,0,0,3,19,0.58
62.0801,0,0,0.317246,0.106545,0,0,3,19,0.58
62.1801,0,0,0.34696,0.120706,0,0,3,19,0.58
62.2801,0,0,0.300883,0.144349,0,0,3,19,0.58
62.3801,0,0,0.235947,0.13931,0,0,3,19,0.58
62.4801,0,0,0.241187,0.120394,0,0,3,19,0.58
62.5801,0,0,0.263858,0.133922,0,0,3,19,0.58
62.6801,0,0,0.252105,0.155402,0,0,3,19,0.58
62.7801,0,0,0.231818,0.14414,0,0,3,19,0.58
62.8801,0,0,0.241126,0.127012,0,0,3,19,0.58
62.9801,0,0,0.257784,0.138425,0,0,3,19,0.58
63.0801,0,0,0.247406,0.164371,0,0,3,19,0.58
63.1801,0,0,0.230324,0.159896,0,0,3,19,0.58
63.2801,0,0,0.221046,0.153002,0,0,3,19,0.58
63.3801,0,0,0.213711,0.158924,0,0,3,19,0.58
63.4801,0,0,0.203119,0.178577,0,0,3,19,0.58
63.5801,0,0,0.191718,0.193749,0,0,3,19,0.58
63.6801,0,0,0.187543,0.18933,0,0,3,19,0.58
63.7801,0,0,0.185166,0.185106,0,0,3,19,0.58
63.8801,0,0,0.168423,0.19836,0,0,3,19,0.58
63.9801,0,0,0.148128,0.203922,0,0,3,19,0.58
64.0801,0,0,0.155967,0.19475,0,0,3,19,0.58
64.1801,0,0,0.182477,0.195776,0,0,3,19,0.58
64.2801,0,0,0.16141,0.194237,0,0,3,19,0.58
64.3801,0,0,0.128537,0.187328,0,0,3,19,0.58
64.4801,0,0,0.135862,0.178659,0,0,3,19,0.58
64.5801,0,0,0.153118,0.17914,0,0,3,19,0.58
64.6801,0,0,0.147704,0.184706,0,0,3,19,0.58
64.7801,0,0,0.136682,0.198283,0,0,3,19,0.58
64.8801,0,0,0.154286,0.209974,0,0,3,19,0.58
64.9801,0,0,0.178976,0.227409,0,0,3,19,0.58
65.0801,0,0,0.147489,0.221892,0,0,3,19,0.58
65.1801,0,0,0.102066,0.211021,0,0,3,19,0.58
