time_s,throttle_norm,rudder_norm,speed_mps,yaw_rate_rps
0.079698,0.000000,0.000000,0.079370,-0.035483
0.179698,0.000000,0.000000,0.091488,-0.036806
0.279698,0.000000,0.000000,0.098453,-0.024433
0.379698,0.000000,0.000000,0.101985,-0.019614
0.479698,0.000000,0.000000,0.094675,-0.031264
0.579698,0.000000,0.000000,0.084643,-0.034828
0.679698,0.000000,0.000000,0.074265,-0.021559
0.779698,0.000000,0.000000,0.063654,-0.012813
0.879698,0.000000,0.000000,0.065397,-0.022963
0.979698,0.000000,0.000000,0.075390,-0.029769
1.079698,0.000000,0.000000,0.081460,-0.013859
1.179698,0.000000,0.000000,0.084902,-0.002047
1.279698,0.000000,0.000000,0.079839,-0.014124
1.379698,0.000000,0.000000,0.069107,-0.022468
1.479698,0.000000,0.000000,0.069972,-0.011864
1.579698,0.000000,0.000000,0.078566,-0.005818
1.679698,0.000000,0.000000,0.085812,-0.012326
1.779698,0.000000,0.000000,0.092157,-0.015852
1.879698,0.000000,0.000000,0.098928,-0.013561
1.979698,0.000000,0.000000,0.105806,-0.011227
2.079698,0.000000,0.000000,0.092158,-0.010663
2.179698,0.000000,0.000000,0.064817,-0.013919
2.279698,0.000000,0.000000,0.057212,-0.019843
2.379698,0.000000,0.000000,0.062823,-0.020410
2.479698,0.000000,0.000000,0.075666,-0.012695
2.579698,0.000000,0.000000,0.093340,-0.010173
2.679698,0.000000,0.000000,0.102951,-0.018765
2.779698,0.000000,0.000000,0.107168,-0.022937
2.879698,0.000000,0.000000,0.102915,-0.015678
2.979698,0.000000,0.000000,0.093026,-0.013343
3.079698,0.000000,0.000000,0.087318,-0.021816
3.179698,0.000000,0.000000,0.084402,-0.025953
3.279698,0.000000,0.000000,0.084964,-0.018081
3.379698,0.000000,0.000000,0.086402,-0.015318
3.479698,0.000000,0.000000,0.075462,-0.025727
3.579698,0.000000,0.000000,0.056273,-0.031165
3.679698,0.000000,0.000000,0.052996,-0.021013
3.779698,0.000000,0.000000,0.060321,-0.014151
3.879698,0.000000,0.000000,0.061996,-0.024670
3.979698,0.000000,0.000000,0.059900,-0.036380
4.079698,0.000000,0.000000,0.061311,-0.026358
4.179698,0.000000,0.000000,0.065070,-0.014917
4.279698,0.000000,0.000000,0.076091,-0.022590
4.379698,0.000000,0.000000,0.091951,-0.037720
4.479698,0.000000,0.000000,0.086035,-0.034987
4.579698,0.000000,0.000000,0.065619,-0.023429
4.679698,0.000000,0.000000,0.059192,-0.026642
4.779698,0.000000,0.000000,0.062088,-0.038913
4.879698,0.000000,0.000000,0.069325,-0.039991
4.979698,0.000000,0.000000,0.079452,-0.031997
5.079698,0.000000,0.000000,0.079478,-0.029624
5.179698,0.000000,0.000000,0.064134,-0.035271
5.279698,0.000000,0.000000,0.054442,-0.041140
5.379698,0.000000,0.000000,0.048515,-0.042067
5.479698,0.000000,0.000000,0.061510,-0.040535
5.579698,0.000000,0.000000,0.087145,-0.042667
5.679698,0.000000,0.000000,0.083364,-0.045528
5.779698,0.000000,0.000000,0.059916,-0.044891
5.879698,0.000000,0.000000,0.055670,-0.044824
5.979698,0.000000,0.000000,0.056236,-0.047779
6.079698,0.000000,0.000000,0.061820,-0.048795
6.179698,0.000000,0.000000,0.070756,-0.046985
6.279698,0.000000,0.000000,0.077742,-0.048046
6.379698,0.000000,0.000000,0.083427,-0.056111
6.479698,0.000000,0.000000,0.087528,-0.060408
6.579698,0.000000,0.000000,0.090571,-0.050142
6.679698,0.000000,0.000000,0.075455,-0.041690
6.779698,0.000000,0.000000,0.048234,-0.047425
6.879698,0.000000,0.000000,0.051896,-0.057750
6.979698,0.000000,0.000000,0.076177,-0.053931
7.079698,0.000000,0.000000,0.068642,-0.042192
7.179698,0.000000,0.000000,0.039831,-0.043665
7.279698,0.000000,0.000000,0.044842,-0.054432
7.379698,0.000000,0.000000,0.058327,-0.053224
7.479698,0.000000,0.000000,0.057697,-0.043342
7.579698,0.000000,0.000000,0.053524,-0.045020
7.679698,0.000000,0.000000,0.043749,-0.052226
7.779698,0.000000,0.000000,0.030243,-0.050987
7.879698,0.000000,0.000000,0.037642,-0.044916
7.979698,0.000000,0.000000,0.058981,-0.044498
8.079698,0.000000,0.000000,0.068302,-0.048702
8.179698,0.000000,0.000000,0.069581,-0.051708
8.279698,0.000000,0.000000,0.070295,-0.047719
8.379698,0.000000,0.000000,0.070632,-0.044787
8.479698,0.000000,0.000000,0.065459,-0.048798
8.579698,0.000000,0.000000,0.056597,-0.054596
8.679698,0.000000,0.000000,0.047897,-0.053068
8.779698,0.000000,0.000000,0.039238,-0.046960
8.879698,0.000000,0.000000,0.036912,-0.048174
8.979698,0.000000,0.000000,0.038803,-0.055902
9.079698,0.000000,0.000000,0.052166,-0.060377
9.179698,0.000000,0.000000,0.073199,-0.056373
9.279698,0.000000,0.000000,0.066698,-0.047406
9.379698,0.000000,0.000000,0.041851,-0.048733
9.479698,0.000000,0.000000,0.026631,-0.060891
9.579698,0.000000,0.000000,0.017835,-0.058883
9.679698,0.000000,0.000000,0.016981,-0.048491
9.779698,0.000000,0.000000,0.021419,-0.051018
9.879698,0.000000,0.000000,0.030562,-0.057444
9.979698,0.104807,0.000000,0.042840,-0.057864
10.079698,0.137451,0.000000,0.043494,-0.056532
10.179698,0.179937,0.000000,0.041221,-0.058924
10.279698,0.199992,0.000000,0.076145,-0.041590
10.379698,0.217479,0.000000,0.135863,-0.046269
10.479698,0.217500,0.000000,0.216275,-0.056064
10.579698,0.217500,0.000000,0.310465,-0.049302
10.679698,0.212503,0.000000,0.446894,-0.023522
10.779698,0.212500,0.000000,0.611421,0.003695
10.879698,0.210002,0.000000,0.663889,0.022405
10.979698,0.205008,0.000000,0.641711,0.041816
11.079698,0.205000,0.000000,0.680541,0.063605
11.179698,0.205000,0.000000,0.812087,0.074185
11.279698,0.202503,0.000000,0.912830,0.081010
11.379698,0.202500,0.000000,0.993070,0.084909
11.479698,0.202500,0.000000,1.040500,0.092826
11.579698,0.202500,0.000000,1.079692,0.085103
11.679698,0.202500,0.000000,1.110187,0.079894
11.779698,0.202500,0.000000,1.134878,0.079170
11.879698,0.200001,0.000000,1.157472,0.070434
11.979698,0.200000,0.000000,1.178671,0.056333
12.079698,0.200000,0.000000,1.226149,0.060629
12.179698,0.200000,0.000000,1.291150,0.037040
12.279698,0.195003,0.000000,1.265566,0.038315
12.379698,0.195000,0.000000,1.179527,0.034984
12.479698,0.195000,0.000000,1.151194,0.023456
12.579698,0.195000,0.000000,1.161295,0.037009
12.679698,0.195000,0.000000,1.175325,0.029705
12.779698,0.195000,0.000000,1.190343,0.047044
12.879698,0.195000,0.000000,1.223442,0.031395
12.979698,0.195000,0.000000,1.268577,0.039359
13.079698,0.195000,0.000000,1.266205,0.034792
13.179698,0.192503,0.000000,1.232101,0.032516
13.279698,0.192500,0.000000,1.225379,0.020619
13.379698,0.192500,0.000000,1.236955,0.022971
13.479698,0.192500,0.000000,1.241424,0.026641
13.579698,0.192500,0.000000,1.241164,0.014359
13.679698,0.192500,0.000000,1.204085,0.031630
13.779698,0.192500,0.000000,1.142476,0.014021
13.879698,0.192500,0.000000,1.160795,0.019290
13.979698,0.192500,0.000000,1.232340,0.024522
14.079698,0.192500,0.000000,1.236226,0.023910
14.179698,0.192500,0.000000,1.223057,0.024138
14.279698,0.192500,0.000000,1.223186,0.010225
14.379698,0.192500,0.000000,1.232179,0.015084
14.479698,0.192500,0.000000,1.211721,0.013066
14.579698,0.192500,0.000000,1.171648,0.024605
14.679698,0.192500,0.000000,1.182332,0.027078
14.779698,0.192500,0.000000,1.226872,0.020563
14.879698,0.192500,0.000000,1.215629,0.037477
14.979698,0.192500,0.000000,1.167092,0.022417
15.079698,0.192500,0.000000,1.166093,0.031112
15.179698,0.192500,0.000000,1.196851,0.017611
15.279698,0.192500,0.000000,1.220662,0.028765
15.379698,0.192500,0.000000,1.239839,0.030583
15.479698,0.192500,0.000000,1.250363,0.036794
15.579698,0.192500,0.000000,1.258706,0.034317
15.679698,0.192500,0.000000,1.246782,0.023896
15.779698,0.192500,0.000000,1.221385,0.016213
15.879698,0.192500,0.000000,1.212723,0.023584
15.979698,0.192500,0.000000,1.215212,0.017949
16.079698,0.192500,0.000000,1.219198,0.016081
16.179698,0.192500,0.000000,1.224184,0.031441
16.279698,0.192500,0.000000,1.222737,0.010682
16.379698,0.192500,0.000000,1.216992,0.026501
16.479698,0.192500,0.000000,1.227722,0.017776
16.579698,0.192500,0.000000,1.249436,0.030818
16.679698,0.192500,0.000000,1.244723,0.012496
16.779698,0.192500,0.000000,1.222414,0.029970
16.879698,0.192500,0.000000,1.194060,0.028765
16.979698,0.192500,0.000000,1.164188,0.043013
17.079698,0.192500,0.000000,1.167894,0.024005
17.179698,0.192500,0.000000,1.193989,0.030077
17.279698,0.192500,0.000000,1.212962,0.027596
17.379698,0.192500,0.000000,1.227195,0.024706
17.479698,0.192500,0.000000,1.224441,0.032770
17.579698,0.192500,0.000000,1.217412,0.023914
17.679698,0.192500,0.000000,1.209244,0.033641
17.779698,0.192500,0.000000,1.200790,0.033541
17.879698,0.192500,0.000000,1.219979,0.043460
17.979698,0.192500,0.000000,1.257602,0.025059
18.079698,0.192500,0.000000,1.266044,0.021570
18.179698,0.192500,0.000000,1.267127,0.023669
18.279698,0.192500,0.000000,1.267265,0.025243
18.379698,0.192500,0.000000,1.266772,0.020501
18.479698,0.192500,0.000000,1.257322,0.018351
18.579698,0.192500,0.000000,1.241913,0.023420
18.679698,0.192500,0.000000,1.246779,0.009159
18.779698,0.192500,0.000000,1.265152,0.010726
18.879698,0.192500,0.000000,1.270202,0.010421
18.979698,0.192500,0.000000,1.266382,0.024367
19.079698,0.192500,0.000000,1.262428,0.019087
19.179698,0.192500,0.000000,1.258385,0.019995
19.279698,0.192500,0.000000,1.233434,0.039433
19.379698,0.192500,0.000000,1.194567,0.023392
19.479698,0.192500,0.000000,1.192013,0.019601
19.579698,0.192500,0.000000,1.198566,0.023938
19.679698,0.192500,0.000000,1.202736,0.039686
19.779698,0.192500,0.000000,1.205315,0.032525
19.879698,0.192500,0.000000,1.223259,0.022320
19.979698,0.192500,0.000000,1.245051,0.031893
20.079698,0.192500,0.000000,1.236111,0.032226
20.179698,0.192500,0.000000,1.206629,0.026745
20.279698,0.192500,0.000000,1.209506,0.024184
20.379698,0.192500,0.000000,1.233942,0.020627
20.479698,0.192500,0.000000,1.224646,0.034024
20.579698,0.192500,0.000000,1.192901,0.034022
20.679698,0.192500,0.000000,1.203808,0.034486
20.779698,0.192500,0.000000,1.243183,0.029329
20.879698,0.192500,0.000000,1.230265,0.025232
20.979698,0.192500,0.000000,1.204222,0.030131
21.079698,0.192500,0.000000,1.212083,0.018474
21.179698,0.192500,0.000000,1.242645,0.028690
21.279698,0.192500,0.000000,1.243523,0.019916
21.379698,0.192500,0.000000,1.224634,0.022302
21.479698,0.192500,0.000000,1.205440,0.024158
21.579698,0.192500,0.000000,1.186042,0.028574
21.679698,0.192500,0.000000,1.211428,0.034193
21.779698,0.192500,0.000000,1.248082,0.035411
21.879698,0.192500,0.000000,1.246157,0.028922
21.979698,0.192500,0.000000,1.218541,0.031897
22.079698,0.192500,0.000000,1.199270,0.034803
22.179698,0.192500,0.000000,1.185576,0.030088
22.279698,0.192500,0.000000,1.213647,0.032136
22.379698,0.192500,0.000000,1.252205,0.023583
22.479698,0.192500,0.000000,1.247484,0.017087
22.579698,0.192500,0.000000,1.213916,0.013751
22.679698,0.192500,0.000000,1.206521,0.016344
22.779698,0.192500,0.000000,1.216603,0.007352
22.879698,0.192500,0.000000,1.229092,0.011009
22.979698,0.192500,0.000000,1.242184,0.013697
23.079698,0.192500,0.000000,1.229349,0.019954
23.179698,0.192500,0.000000,1.199240,0.027887
23.279698,0.192500,0.000000,1.193194,0.014930
23.379698,0.192500,0.000000,1.203174,0.013807
23.479698,0.192500,0.000000,1.213811,0.012358
23.579698,0.192500,0.000000,1.224886,0.009588
23.679698,0.192500,0.000000,1.227622,0.018282
23.779698,0.192500,0.000000,1.228269,0.021287
23.879698,0.192500,0.000000,1.239593,0.025923
23.979698,0.192500,0.000000,1.258020,0.014733
24.079698,0.192500,0.000000,1.245345,0.020140
24.179698,0.192500,0.000000,1.211871,0.028812
24.279698,0.192500,0.000000,1.207220,0.025684
24.379698,0.192500,0.000000,1.221783,0.036079
24.479698,0.192500,0.000000,1.212760,0.025491
24.579698,0.192500,0.000000,1.188031,0.022040
24.679698,0.192500,0.000000,1.195429,0.011834
24.779698,0.192500,0.000000,1.224195,0.015746
24.879698,0.192500,0.000000,1.225920,0.012450
24.979698,0.192500,0.000000,1.209623,0.020149
25.079698,0.192500,0.000000,1.189660,0.026398
25.179698,0.192500,0.000000,1.168771,0.029075
25.279698,0.192500,0.000000,1.174052,0.030477
25.379698,0.192500,0.000000,1.196744,0.041386
25.479698,0.192500,0.000000,1.197117,0.048766
25.579698,0.192500,0.000000,1.182638,0.041774
25.679698,0.192500,0.000000,1.173980,0.042883
25.779698,0.192500,0.000000,1.169205,0.035024
25.879698,0.192500,0.000000,1.183165,0.029712
25.979698,0.192500,0.000000,1.209653,0.031901
26.079698,0.192500,0.000000,1.213875,0.024624
26.179698,0.192500,0.000000,1.203191,0.031707
26.279698,0.192500,0.000000,1.211295,0.025594
26.379698,0.192500,0.000000,1.224121,0.025821
26.479698,0.192500,0.000000,1.223614,0.024538
26.579698,0.192500,0.000000,1.214225,0.022436
26.679698,0.192500,0.000000,1.220263,0.027675
26.779698,0.192500,0.000000,1.236571,0.018917
26.879698,0.192500,0.000000,1.232505,0.029325
26.979698,0.192500,0.000000,1.214856,0.031107
27.079698,0.192500,0.000000,1.203067,0.031841
27.179698,0.192500,0.000000,1.192756,0.032894
27.279698,0.192500,0.000000,1.190674,0.029684
27.379698,0.192500,0.000000,1.194081,0.040610
27.479698,0.192500,0.000000,1.212963,0.036169
27.579698,0.192500,0.000000,1.242182,0.033038
27.679698,0.192500,0.000000,1.231328,0.029713
27.779698,0.192500,0.000000,1.210408,0.033448
27.879698,0.192500,0.000000,1.211891,0.024972
27.979698,0.192500,0.000000,1.228280,0.030743
28.079698,0.192500,0.000000,1.219869,0.032879
28.179698,0.192500,0.000000,1.194926,0.027608
28.279698,0.192500,0.000000,1.185652,0.031667
28.379698,0.194997,0.000000,1.186818,0.026374
28.479698,0.195000,0.000000,1.192790,0.039701
28.579698,0.195000,0.000000,1.201966,0.039441
28.679698,0.195000,0.000000,1.204571,0.034915
28.779698,0.195000,0.000000,1.202803,0.034958
28.879698,0.195000,0.000000,1.190665,0.037441
28.979698,0.195000,0.000000,1.171605,0.041488
29.079698,0.195000,0.000000,1.184509,0.040904
29.179698,0.195000,0.000000,1.218788,0.037657
29.279698,0.195000,0.000000,1.227882,0.039237
29.379698,0.165019,0.000000,1.220202,0.039237
29.479698,0.145013,0.000000,1.198706,0.040765
29.579698,0.105035,0.000000,1.167992,0.039925
29.679698,0.000044,0.000000,1.112632,0.022359
29.779698,0.000000,0.000000,1.040845,0.024565
29.879698,0.000000,0.000000,0.972092,0.014382
29.979698,0.000000,0.000000,0.905358,0.027861
30.079698,0.000000,0.000000,0.859143,0.022880
30.179698,0.000000,0.000000,0.826632,0.021636
30.279698,0.000000,0.000000,0.811093,0.019079
30.379698,0.000000,0.000000,0.806884,0.013085
30.479698,0.000000,0.000000,0.799415,0.008367
30.579698,0.000000,0.000000,0.791130,0.006231
30.679698,0.000000,0.000000,0.785375,0.003345
30.779698,0.000000,0.000000,0.781305,0.004339
30.879698,0.000000,0.000000,0.747398,0.004932
30.979698,0.000000,0.000000,0.693619,0.007764
31.079698,0.000000,0.000000,0.652865,0.005611
31.179698,0.000000,0.000000,0.620810,0.005738
31.279698,0.000000,0.000000,0.613889,0.002932
31.379698,0.000000,0.000000,0.623721,0.002511
31.479698,0.000000,0.000000,0.612284,-0.004027
31.579698,0.000000,0.000000,0.586670,0.000263
31.679698,0.000000,0.000000,0.580095,0.000412
31.779698,0.000000,0.000000,0.586223,-0.005058
31.879698,0.000000,0.000000,0.583292,-0.003067
31.979698,0.000000,0.000000,0.578091,-0.004422
32.079698,0.000000,0.000000,0.559736,-0.004347
32.179698,0.000000,0.000000,0.532597,-0.007578
32.279698,0.000000,0.000000,0.518631,-0.010621
32.379698,0.000000,0.000000,0.513465,-0.011476
32.479698,0.000000,0.000000,0.482943,-0.012997
32.579698,0.000000,0.000000,0.435531,-0.009360
32.679698,0.000000,0.000000,0.430438,-0.007947
32.779698,0.000000,0.000000,0.453637,-0.003198
32.879698,0.000000,0.000000,0.444298,0.004199
32.979698,0.000000,0.000000,0.413312,0.006167
33.079698,0.000000,0.000000,0.392254,0.004966
33.179698,0.000000,0.000000,0.377823,0.011120
33.279698,0.000000,0.000000,0.383057,0.009808
33.379698,0.000000,0.000000,0.401383,0.014363
33.479698,0.000000,0.000000,0.393252,0.014354
33.579698,0.000000,0.000000,0.367468,0.007010
33.679698,0.000000,0.000000,0.362783,0.015890
33.779698,0.000000,0.000000,0.372183,0.013836
33.879698,0.000000,0.000000,0.353165,0.007031
33.979698,0.000000,0.000000,0.315213,0.009072
34.079698,0.000000,0.000000,0.317732,0.006030
34.179698,0.000000,0.000000,0.347248,0.011669
34.279698,0.000000,0.000000,0.320660,0.006294
34.379698,0.000000,0.000000,0.279986,0.009226
34.479698,0.000000,0.000000,0.295004,0.013267
34.579698,0.000000,0.000000,0.324048,0.017135
34.679698,0.000000,0.000000,0.295606,0.020565
34.779698,0.000000,0.000000,0.252777,0.024413
34.879698,0.000000,0.000000,0.259583,0.024011
34.979698,0.000000,0.000000,0.278850,0.025150
35.079698,0.000000,0.000000,0.271671,0.026473
35.179698,0.000000,0.000000,0.246828,0.029634
35.279698,0.000000,0.000000,0.241687,0.029971
35.379698,0.000000,0.000000,0.249701,0.026475
35.479698,0.000000,0.000000,0.245118,0.026667
35.579698,0.000000,0.000000,0.237368,0.036606
35.679698,0.000000,0.000000,0.248174,0.041683
35.779698,0.000000,0.000000,0.271319,0.047426
35.879698,0.000000,0.000000,0.269221,0.055147
35.979698,0.000000,0.000000,0.260783,0.058117
36.079698,0.000000,0.000000,0.253712,0.051933
36.179698,0.000000,0.000000,0.247551,0.056045
36.279698,0.000000,0.000000,0.222093,0.059079
36.379698,0.000000,0.000000,0.183776,0.058023
36.479698,0.000000,0.000000,0.173712,0.059911
36.579698,0.000000,0.000000,0.182495,0.061189
36.679698,0.000000,0.000000,0.198331,0.066894
36.779698,0.000000,0.000000,0.218873,0.079843
36.879698,0.000000,0.000000,0.220726,0.083673
36.979698,0.000000,0.000000,0.210146,0.088990
37.079698,0.000000,0.000000,0.194199,0.095222
37.179698,0.000000,0.000000,0.174674,0.092023
37.279698,0.000000,0.000000,0.151505,0.083030
37.379698,0.000000,0.000000,0.127420,0.083473
37.479698,0.000000,0.000000,0.124038,0.085870
37.579698,0.000000,0.000000,0.125850,0.092798
37.679698,0.000000,0.000000,0.135581,0.100569
37.779698,0.000000,0.000000,0.150582,0.112295
37.879698,0.000000,0.000000,0.144614,0.123992
37.979698,0.000000,0.000000,0.124679,0.127954
38.079698,0.000000,0.000000,0.136574,0.119299
38.179698,0.000000,0.000000,0.169748,0.116180
38.279698,0.000000,0.000000,0.178839,0.116267
38.379698,0.000000,0.000000,0.171860,0.105846
38.479698,0.000000,0.000000,0.155802,0.106830
38.579698,0.000000,0.000000,0.137469,0.115477
38.679698,0.000000,0.000000,0.118837,0.121882
38.779698,0.000000,0.000000,0.100006,0.134358
38.879698,0.000000,0.000000,0.095095,0.140873
38.979698,0.000000,0.000000,0.099457,0.134581
39.079698,0.000000,0.000000,0.110160,0.120827
39.179698,0.000000,0.000000,0.125092,0.109287
39.279698,0.000000,0.000000,0.128986,0.103361
39.379698,0.000000,0.000000,0.125528,0.100500
39.479698,0.000000,0.000000,0.115909,0.109636
39.579698,0.000000,0.000000,0.102182,0.126008
39.679698,0.000000,0.000000,0.094051,0.142040
39.779698,0.000000,0.000000,0.089651,0.147611
39.879698,0.000000,0.000000,0.102633,0.140816
39.979698,0.000000,0.000000,0.119972,0.127268
40.079698,0.000000,0.000000,0.140737,0.110309
40.179698,0.000000,0.000000,0.163785,0.092180
40.279698,0.000000,0.000000,0.140068,0.096545
40.379698,0.000000,0.000000,0.085184,0.117920
40.479698,0.000000,0.000000,0.073194,0.135848
40.579698,0.000000,0.000000,0.089870,0.138674
40.679698,0.000000,0.000000,0.094790,0.150699
40.779698,0.000000,0.000000,0.091874,0.155550
40.879698,0.000000,0.000000,0.088863,0.123045
40.979698,0.000000,0.000000,0.085788,0.095604
41.079698,0.000000,0.000000,0.087693,0.096236
41.179698,0.000000,0.000000,0.097150,0.103295
41.279698,0.000000,0.000000,0.092125,0.107983
41.379698,0.000000,0.000000,0.083470,0.123418
41.479698,0.000000,0.000000,0.085311,0.149244
41.579698,0.000000,0.000000,0.094156,0.156855
41.679698,0.000000,0.000000,0.094894,0.134524
41.779698,0.000000,0.000000,0.090227,0.101792
41.879698,0.000000,0.000000,0.083753,0.083544
41.979698,0.000000,0.000000,0.076076,0.093050
42.079698,0.000000,0.000000,0.064421,0.100070
42.179698,0.000000,0.000000,0.050106,0.111268
42.279698,0.000000,0.000000,0.058976,0.142585
42.379698,0.000000,0.000000,0.083282,0.169592
42.479698,0.000000,0.000000,0.097350,0.153015
42.579698,0.000000,0.000000,0.104590,0.105382
42.679698,0.000000,0.000000,0.092702,0.098028
42.779698,0.000000,0.000000,0.076014,0.107013
42.879698,0.000000,0.000000,0.076525,0.090674
42.979698,0.000000,0.000000,0.088499,0.087593
43.079698,0.000000,0.000000,0.080188,0.133944
43.179698,0.000000,0.000000,0.058296,0.166869
43.279698,0.000000,0.000000,0.065249,0.149701
43.379698,0.000000,0.000000,0.091512,0.113041
43.479698,0.000000,0.000000,0.096046,0.087130
43.579698,0.000000,0.000000,0.086121,0.087623
43.679698,0.000000,0.000000,0.075773,0.097895
43.779698,0.000000,0.000000,0.065142,0.093972
43.879698,0.000000,0.000000,0.074405,0.104880
43.979698,0.000000,0.000000,0.088665,0.137661
44.079698,0.000000,0.000000,0.076512,0.151400
44.179698,0.000000,0.000000,0.057729,0.121073
44.279698,0.000000,0.000000,0.080852,0.075013
44.379698,0.000000,0.000000,0.131949,0.065917
44.479698,0.000000,0.000000,0.124415,0.093436
44.579698,0.000000,0.000000,0.077761,0.092833
44.679698,0.000000,0.000000,0.085043,0.086732
44.779698,0.000000,0.000000,0.128303,0.117617
44.879698,0.000000,0.000000,0.118168,0.145313
44.979698,0.000000,0.000000,0.072452,0.116066
45.079698,0.000000,0.000000,0.078759,0.066211
45.179698,0.000000,0.000000,0.119804,0.060877
45.279698,0.000000,0.000000,0.122826,0.086182
45.379698,0.000000,0.000000,0.100467,0.092776
45.479698,0.000000,0.000000,0.079339,0.089499
45.579698,0.000000,0.000000,0.059033,0.111083
45.679698,0.000000,0.000000,0.067505,0.126513
45.779698,0.000000,0.000000,0.095157,0.109009
45.879698,0.000000,0.000000,0.103178,0.081840
45.979698,0.000000,0.000000,0.098087,0.063557
46.079698,0.000000,0.000000,0.104020,0.068875
46.179698,0.000000,0.000000,0.117324,0.075561
46.279698,0.000000,0.000000,0.114307,0.084249
46.379698,0.000000,0.000000,0.100422,0.101324
46.479698,0.000000,0.000000,0.096193,0.106315
46.579698,0.000000,0.000000,0.098401,0.091997
46.679698,0.000000,0.000000,0.119133,0.068450
46.779698,0.000000,0.000000,0.144512,0.041777
46.879698,0.089956,0.000000,0.124272,0.041988
46.979698,0.124966,0.000000,0.092584,0.064364
47.079698,0.142480,0.000000,0.094170,0.075092
47.179698,0.162473,0.000000,0.117946,0.074872
47.279698,0.174990,0.000000,0.143695,0.087761
47.379698,0.179995,0.000000,0.170759,0.088085
47.479698,0.182497,0.000000,0.206259,0.088972
47.579698,0.184996,0.000000,0.243885,0.082866
47.679698,0.194996,0.000000,0.306199,0.069794
47.779698,0.199997,0.000000,0.384983,0.081855
47.879698,0.202498,0.000000,0.462813,0.131134
47.979698,0.204997,0.000000,0.540008,0.167146
48.079698,0.209996,0.000000,0.611823,0.152416
48.179698,0.212498,0.000000,0.682282,0.137486
48.279698,0.212500,0.000000,0.765576,0.147072
48.379698,0.212500,0.000000,0.857414,0.159404
48.479698,0.210003,0.000000,0.939145,0.141119
48.579698,0.205004,0.000000,1.014155,0.142917
48.679698,0.202503,0.000000,1.037660,0.148361
48.779698,0.202500,0.000000,1.048256,0.154610
48.879698,0.200002,0.000000,1.074120,0.171785
48.979698,0.200000,0.000000,1.103812,0.154092
49.079698,0.200000,0.000000,1.126662,0.118234
49.179698,0.200000,0.000000,1.147790,0.116735
49.279698,0.195002,0.000000,1.157935,0.110382
49.379698,0.195000,0.000000,1.160753,0.114421
49.479698,0.195000,0.000000,1.176192,0.120008
49.579698,0.195000,0.000000,1.194793,0.084299
49.679698,0.195000,0.000000,1.196799,0.074115
49.779698,0.195000,0.000000,1.187771,0.080347
49.879698,0.195000,0.000000,1.191558,0.091813
49.979698,0.195000,0.000000,1.198558,0.078888
50.079698,0.192502,0.000000,1.210157,0.083452
50.179698,0.192500,0.000000,1.224826,0.114765
50.279698,0.192500,0.000000,1.208039,0.122825
50.379698,0.192500,0.000000,1.170286,0.114890
50.479698,0.192500,0.000000,1.199116,0.103883
50.579698,0.192500,0.000000,1.244659,0.079999
50.679698,0.192500,0.000000,1.253724,0.080386
50.779698,0.192500,0.000000,1.238444,0.073789
50.879698,0.192500,0.000000,1.241139,0.047514
50.979698,0.192500,0.000000,1.248332,0.045473
51.079698,0.192500,0.000000,1.235136,0.043128
51.179698,0.192500,0.000000,1.208286,0.061034
51.279698,0.192500,0.000000,1.215406,0.080911
51.379698,0.190003,0.000000,1.231092,0.108402
51.479698,0.190000,0.000000,1.239581,0.110558
51.579698,0.190000,0.000000,1.246262,0.095516
51.679698,0.190000,0.000000,1.279557,0.073482
51.779698,0.190000,0.000000,1.319538,0.051375
51.879698,0.185007,0.000000,1.280986,0.039081
51.979698,0.185000,0.000000,1.222771,0.028229
52.079698,0.185000,0.000000,1.211165,0.059643
52.179698,0.185000,0.000000,1.211277,0.062650
52.279698,0.185000,0.000000,1.206209,0.086938
52.379698,0.185000,0.000000,1.199844,0.076801
52.479698,0.185000,0.000000,1.202563,0.038622
52.579698,0.185000,0.000000,1.207555,0.030700
52.679698,0.185000,0.000000,1.204875,0.009109
52.779698,0.185000,0.000000,1.200272,0.056497
52.879698,0.185000,0.000000,1.203828,0.077418
52.979698,0.185000,0.000000,1.209436,0.064121
53.079698,0.185000,0.000000,1.234362,0.026592
53.179698,0.185000,0.000000,1.272185,0.016089
53.279698,0.185000,0.000000,1.257029,0.024396
53.379698,0.185000,0.000000,1.228535,0.035269
53.479698,0.185000,0.000000,1.207717,0.043398
53.579698,0.185000,0.000000,1.188823,0.057371
53.679698,0.185000,0.000000,1.190804,0.085201
53.779698,0.185000,0.000000,1.198007,0.136686
53.879698,0.185000,0.000000,1.211241,0.163287
53.979698,0.185000,0.000000,1.225988,0.139918
54.079698,0.185000,0.000000,1.236456,0.081368
54.179698,0.185000,0.000000,1.245850,0.050543
54.279698,0.185000,0.000000,1.253910,0.029115
54.379698,0.185000,0.000000,1.261636,0.011868
54.479698,0.185000,0.000000,1.247208,0.056056
54.579698,0.185000,0.000000,1.227208,0.092262
54.679698,0.185000,0.000000,1.221184,0.105768
54.779698,0.185000,0.000000,1.218665,0.091050
54.879698,0.185000,0.000000,1.200180,0.085702
54.979698,0.185000,0.000000,1.177683,0.083035
55.079698,0.185000,0.000000,1.177688,0.053988
55.179698,0.185000,0.000000,1.192700,0.035951
55.279698,0.185000,0.000000,1.214392,0.007833
55.379698,0.185000,0.000000,1.240540,0.013830
55.479698,0.185000,0.000000,1.228998,0.022208
55.579698,0.185000,0.000000,1.192286,0.023461
55.679698,0.185000,0.000000,1.210108,0.034750
55.779698,0.185000,0.000000,1.241603,0.054399
55.879698,0.185000,0.000000,1.260049,0.070547
55.979698,0.185000,0.000000,1.275217,0.076585
56.079698,0.185000,0.000000,1.263343,0.065013
56.179698,0.185000,0.000000,1.244659,0.048006
56.279698,0.185000,0.000000,1.221948,0.039963
56.379698,0.185000,0.000000,1.198226,0.035227
56.479698,0.185000,0.000000,1.215918,0.038698
56.579698,0.185000,0.000000,1.243983,0.053932
56.679698,0.185000,0.000000,1.256545,0.051781
56.779698,0.185000,0.000000,1.258792,0.031874
56.879698,0.185000,0.000000,1.263783,0.030417
56.979698,0.185000,0.000000,1.269462,0.052444
57.079698,0.185000,0.000000,1.236123,0.069280
57.179698,0.185000,0.000000,1.192956,0.068317
57.279698,0.185000,0.000000,1.211781,0.068969
57.379698,0.185000,0.000000,1.246134,0.051150
57.479698,0.185000,0.000000,1.226836,0.052323
57.579698,0.185000,0.000000,1.171870,0.044220
57.679698,0.185000,0.000000,1.198877,0.041904
57.779698,0.185000,0.000000,1.246469,0.034742
57.879698,0.185000,0.000000,1.233469,0.044782
57.979698,0.185000,0.000000,1.205244,0.054734
58.079698,0.185000,0.000000,1.198177,0.061863
58.179698,0.185000,0.000000,1.196451,0.060227
58.279698,0.185000,0.000000,1.205857,0.060669
58.379698,0.185000,0.000000,1.218058,0.053064
58.479698,0.189994,0.000000,1.221535,0.053733
58.579698,0.185007,-0.102359,1.222827,0.057163
58.679698,0.189998,-0.262438,1.227894,0.041260
58.779698,0.190000,-0.359923,1.233910,0.001956
58.879698,0.190000,-0.362498,1.227770,-0.052939
58.979698,0.190000,-0.367493,1.218586,-0.100856
59.079698,0.190000,-0.362505,1.217200,-0.122243
59.179698,0.190000,-0.362500,1.221017,-0.150473
59.279698,0.190000,-0.362500,1.240284,-0.179799
59.379698,0.190000,-0.362500,1.263430,-0.198362
59.479698,0.190000,-0.362500,1.277989,-0.208226
59.579698,0.190000,-0.362500,1.290392,-0.204233
59.679698,0.190000,-0.360003,1.283314,-0.208122
59.779698,0.190000,-0.337530,1.263271,-0.197558
59.879698,0.190000,-0.327509,1.252925,-0.188487
59.979698,0.190000,-0.325004,1.245007,-0.190639
60.079698,0.190000,-0.325000,1.239601,-0.190371
60.179698,0.192497,-0.327497,1.234827,-0.193691
60.279698,0.192500,-0.327500,1.237329,-0.198478
60.379698,0.192500,-0.327500,1.241650,-0.184298
60.479698,0.192500,-0.327500,1.270357,-0.176979
60.579698,0.192500,-0.359981,1.305167,-0.190260
60.679698,0.192500,-0.409957,1.270076,-0.205127
60.779698,0.192500,-0.410000,1.217388,-0.216561
60.879698,0.192500,-0.410000,1.223757,-0.228355
60.979698,0.192500,-0.410000,1.244940,-0.233658
61.079698,0.192500,-0.410000,1.226035,-0.235032
61.179698,0.192500,-0.410000,1.197033,-0.234455
61.279698,0.192500,-0.410000,1.211971,-0.235001
61.379698,0.192500,-0.410000,1.237900,-0.236090
61.479698,0.192500,-0.410000,1.256429,-0.218062
61.579698,0.192500,-0.410000,1.273105,-0.208241
61.679698,0.192500,-0.410000,1.261177,-0.208298
61.779698,0.192500,-0.410000,1.242084,-0.215810
61.879698,0.192500,-0.410000,1.244457,-0.227654
61.979698,0.192500,-0.410000,1.252198,-0.248344
62.079698,0.192500,-0.410000,1.251249,-0.250810
62.179698,0.192500,-0.407501,1.248120,-0.272160
62.279698,0.192500,-0.407500,1.236773,-0.270702
62.379698,0.192500,-0.407500,1.223366,-0.254196
62.479698,0.192500,-0.407500,1.231602,-0.218395
62.579698,0.192500,-0.407500,1.245269,-0.204974
62.679698,0.192500,-0.407500,1.235941,-0.209313
62.779698,0.192500,-0.407500,1.220862,-0.249728
62.879698,0.192500,-0.407500,1.227400,-0.250002
62.979698,0.192500,-0.407500,1.239361,-0.227125
63.079698,0.192500,-0.407500,1.239383,-0.218804
63.179698,0.192500,-0.407500,1.236413,-0.215588
63.279698,0.192500,-0.407500,1.226140,-0.244261
63.379698,0.192500,-0.407500,1.214042,-0.246483
63.479698,0.192500,-0.407500,1.209855,-0.202718
63.579698,0.192500,-0.407500,1.207648,-0.237633
63.679698,0.194997,-0.407500,1.208843,-0.274732
63.779698,0.195000,-0.407500,1.210891,-0.263469
63.879698,0.195000,-0.407500,1.206033,-0.220463
63.979698,0.195000,-0.407500,1.199442,-0.227948
64.079698,0.195000,-0.407500,1.187450,-0.253968
64.179698,0.195000,-0.407500,1.171862,-0.212431
64.279698,0.195000,-0.407500,1.192662,-0.222287
64.379698,0.195000,-0.407500,1.222570,-0.256462
64.479698,0.195000,-0.407500,1.227202,-0.252837
64.579698,0.195000,-0.407500,1.225490,-0.232302
64.679698,0.195000,-0.405003,1.245313,-0.255381
64.779698,0.195000,-0.405000,1.279504,-0.251569
64.879698,0.195000,-0.400002,1.242835,-0.234871
64.979698,0.195000,-0.400000,1.188371,-0.256675
65.079698,0.195000,-0.400000,1.188414,-0.249260
65.179698,0.195000,-0.400000,1.224753,-0.227841
65.279698,0.195000,-0.400000,1.228509,-0.241790
65.379698,0.195000,-0.400000,1.210584,-0.226754
65.479698,0.195000,-0.395004,1.191184,-0.227446
65.579698,0.195000,-0.395000,1.171412,-0.249888
65.679698,0.195000,-0.395000,1.193787,-0.207907
65.779698,0.195000,-0.395000,1.226753,-0.237877
65.879698,0.195000,-0.395000,1.209041,-0.227299
65.979698,0.195000,-0.395000,1.178614,-0.244962
66.079698,0.195000,-0.395000,1.197413,-0.243835
66.179698,0.195000,-0.395000,1.228576,-0.254270
66.279698,0.195000,-0.395000,1.229299,-0.252392
66.379698,0.195000,-0.395000,1.222401,-0.264090
66.479698,0.195000,-0.395000,1.222637,-0.264703
66.579698,0.195000,-0.395000,1.227614,-0.276088
66.679698,0.195000,-0.395000,1.244660,-0.270390
66.779698,0.195000,-0.395000,1.264732,-0.256373
66.879698,0.195000,-0.395000,1.247685,-0.256808
66.979698,0.195000,-0.395000,1.221318,-0.255147
67.079698,0.195000,-0.395000,1.218977,-0.235245
67.179698,0.195000,-0.395000,1.222694,-0.241624
67.279698,0.195000,-0.395000,1.218587,-0.242191
67.379698,0.195000,-0.395000,1.209277,-0.234785
67.479698,0.195000,-0.395000,1.226792,-0.247997
67.579698,0.195000,-0.395000,1.251038,-0.231894
67.679698,0.195000,-0.395000,1.243227,-0.252335
67.779698,0.195000,-0.395000,1.227395,-0.265931
67.879698,0.195000,-0.399994,1.214292,-0.257530
67.979698,0.195000,-0.400000,1.201872,-0.256747
68.079698,0.195000,-0.395004,1.221534,-0.252005
68.179698,0.195000,-0.395000,1.249260,-0.259562
68.279698,0.195000,-0.399996,1.248803,-0.259776
68.379698,0.195000,-0.400000,1.229594,-0.256653
68.479698,0.195000,-0.395004,1.237197,-0.264562
68.579698,0.195000,-0.395000,1.251560,-0.246868
68.679698,0.195000,-0.395000,1.247098,-0.252601
68.779698,0.195000,-0.399996,1.237910,-0.254759
68.879698,0.195000,-0.400000,1.224631,-0.263100
68.979698,0.195000,-0.400000,1.208633,-0.256763
69.079698,0.195000,-0.400000,1.202589,-0.268193
69.179698,0.195000,-0.400000,1.199044,-0.273581
69.279698,0.195000,-0.400000,1.215394,-0.261889
69.379698,0.195000,-0.400000,1.244986,-0.264583
69.479698,0.195000,-0.400000,1.242241,-0.260173
69.579698,0.195000,-0.400000,1.231391,-0.264199
69.679698,0.195000,-0.400000,1.221893,-0.265421
69.779698,0.195000,-0.400000,1.213294,-0.265036
69.879698,0.195000,-0.400000,1.212197,-0.277231
69.979698,0.195000,-0.400000,1.212979,-0.282759
70.079698,0.195000,-0.400000,1.214304,-0.281449
70.179698,0.195000,-0.400000,1.215766,-0.287566
70.279698,0.195000,-0.400000,1.225339,-0.272701
70.379698,0.195000,-0.400000,1.236949,-0.271466
70.479698,0.195000,-0.400000,1.254633,-0.272095
70.579698,0.195000,-0.400000,1.273843,-0.278515
70.679698,0.195000,-0.400000,1.261927,-0.271719
70.779698,0.195000,-0.400000,1.242195,-0.288864
70.879698,0.195000,-0.400000,1.198432,-0.277824
70.979698,0.199992,-0.400000,1.148653,-0.316942
71.079698,0.200000,-0.400000,1.160690,-0.285077
71.179698,0.200000,-0.400000,1.213997,-0.283697
71.279698,0.200000,-0.400000,1.206970,-0.283896
71.379698,0.200000,-0.400000,1.184815,-0.285069
71.479698,0.200000,-0.400000,1.209430,-0.283668
71.579698,0.200000,-0.400000,1.245746,-0.276847
71.679698,0.200000,-0.400000,1.227808,-0.290304
71.779698,0.200000,-0.400000,1.196208,-0.283458
71.879698,0.200000,-0.400000,1.215754,-0.290584
71.979698,0.200000,-0.400000,1.248109,-0.312450
72.079698,0.200000,-0.400000,1.262094,-0.313125
72.179698,0.200000,-0.400000,1.271478,-0.281519
72.279698,0.200000,-0.400000,1.275691,-0.306224
72.379698,0.200000,-0.400000,1.278606,-0.310595
72.479698,0.200000,-0.400000,1.263719,-0.312946
72.579698,0.200000,-0.400000,1.244377,-0.304373
72.679698,0.200000,-0.400000,1.272206,-0.301860
72.779698,0.200000,-0.400000,1.311867,-0.335239
72.879698,0.200000,-0.400000,1.298362,-0.308559
72.979698,0.200000,-0.400000,1.271553,-0.296799
73.079698,0.200000,-0.400000,1.274904,-0.301787
73.179698,0.200000,-0.400000,1.285842,-0.339419
73.279698,0.200000,-0.400000,1.292195,-0.327350
73.379698,0.200000,-0.400000,1.297399,-0.297667
73.479698,0.200000,-0.400000,1.268946,-0.355317
73.579698,0.200000,-0.400000,1.218109,-0.348506
73.679698,0.200000,-0.400000,1.231386,-0.296364
73.779698,0.200000,-0.400000,1.260700,-0.338796
73.879698,0.200000,-0.400000,1.250166,-0.313361
73.979698,0.200000,-0.400000,1.229636,-0.287321
74.079698,0.200000,-0.057938,1.270617,-0.313209
74.179698,0.200000,-0.000072,1.327101,-0.299904
74.279698,0.200000,0.000000,1.304145,-0.188915
74.379698,0.200000,0.000000,1.228363,-0.097565
74.479698,0.200000,0.000000,1.223732,-0.047315
74.579698,0.200000,0.000000,1.236945,-0.018044
74.679698,0.200000,0.000000,1.253648,-0.005343
74.779698,0.200000,0.000000,1.271227,-0.020692
74.879698,0.200000,0.000000,1.308813,-0.030105
74.979698,0.200000,0.000000,1.351423,-0.015908
75.079698,0.200000,0.000000,1.293192,0.015232
75.179698,0.200000,0.000000,1.209562,0.029754
75.279698,0.200000,0.000000,1.217377,0.023942
75.379698,0.200000,0.000000,1.248088,0.024515
75.479698,0.200000,0.000000,1.286524,0.043477
75.579698,0.200000,0.000000,1.330100,0.010349
75.679698,0.200000,0.000000,1.341241,-0.003742
75.779698,0.200000,0.000000,1.344254,0.019348
75.879698,0.200000,0.000000,1.327581,0.015521
75.979698,0.200000,0.000000,1.305980,0.021271
76.079698,0.200000,0.000000,1.304457,0.018220
76.179698,0.200000,0.000000,1.316324,-0.014451
76.279698,0.200000,0.000000,1.313013,-0.014043
76.379698,0.200000,0.000000,1.299565,0.035766
76.479698,0.200000,0.000000,1.302612,0.036953
76.579698,0.200000,0.000000,1.316650,-0.007101
76.679698,0.200000,0.000000,1.320492,0.035293
76.779698,0.200000,0.000000,1.321782,0.028796
76.879698,0.200000,0.000000,1.295506,0.037288
76.979698,0.200000,0.000000,1.262330,0.011357
77.079698,0.200000,0.000000,1.263006,-0.019100
77.179698,0.200000,0.000000,1.286282,0.021053
77.279698,0.200000,0.000000,1.328445,0.018929
77.379698,0.200000,0.000000,1.383228,-0.034610
77.479698,0.200000,0.000000,1.329293,-0.056141
77.579698,0.200000,0.000000,1.247980,-0.018323
77.679698,0.200000,0.000000,1.263298,0.027379
77.779698,0.200000,0.000000,1.302824,0.044103
77.879698,0.200000,0.000000,1.305351,-0.008195
77.979698,0.200000,0.000000,1.298576,-0.028009
78.079698,0.200000,0.000000,1.316664,0.015128
78.179698,0.200000,0.000000,1.341014,0.015932
78.279698,0.200000,0.000000,1.330755,-0.017118
78.379698,0.200000,0.000000,1.297446,-0.002090
78.479698,0.200000,0.000000,1.287686,0.042888
78.579698,0.200000,0.000000,1.293625,-0.012565
78.679698,0.200000,0.000000,1.280455,-0.057031
78.779698,0.200000,0.000000,1.262498,-0.041909
78.879698,0.200000,0.000000,1.305212,0.007807
78.979698,0.200000,0.000000,1.363084,-0.022999
79.079698,0.200000,0.000000,1.345183,-0.022245
79.179698,0.200000,0.000000,1.276812,0.007979
79.279698,0.200000,0.000000,1.242435,-0.006491
79.379698,0.200000,0.000000,1.216577,-0.000912
79.479698,0.200000,0.000000,1.246924,0.033266
79.579698,0.200000,0.000000,1.291414,0.022186
79.679698,0.200000,0.000000,1.295301,-0.010869
79.779698,0.200000,0.000000,1.272179,-0.025614
79.879698,0.200000,0.000000,1.295100,-0.025987
79.979698,0.200000,0.000000,1.329548,-0.000244
80.079698,0.200000,0.000000,1.335056,0.021092
80.179698,0.200000,0.000000,1.333279,0.041104
80.279698,0.200000,0.000000,1.307296,0.086329
80.379698,0.200000,0.000000,1.275252,0.073218
80.479698,0.200000,0.000000,1.272765,0.011844
80.579698,0.200000,0.000000,1.277690,-0.005108
80.679698,0.200000,0.000000,1.304526,-0.001501
80.779698,0.200000,0.000000,1.336844,0.007823
80.879698,0.200000,0.000000,1.334644,0.009433
80.979698,0.200000,0.000000,1.309490,0.010095
81.079698,0.200000,0.000000,1.308671,0.011148
81.179698,0.200000,0.000000,1.313997,0.000855
81.279698,0.200000,0.000000,1.315716,-0.009701
81.379698,0.200000,0.000000,1.315037,0.017947
81.479698,0.200000,0.082305,1.332063,0.018524
81.579698,0.200000,0.359598,1.360887,0.003666
81.679698,0.200000,0.472342,1.326715,0.085294
81.779698,0.200000,0.410074,1.276722,0.206685
81.879698,0.200000,0.392520,1.263912,0.248982
81.979698,0.200000,0.370039,1.275901,0.280742
82.079698,0.200000,0.372496,1.266962,0.287008
82.179698,0.200000,0.372500,1.252763,0.303211
82.279698,0.200000,0.372500,1.209201,0.316020
82.379698,0.200000,0.372500,1.158273,0.307027
82.479698,0.200000,0.372500,1.179275,0.323120
82.579698,0.200000,0.372500,1.218362,0.321598
82.679698,0.200000,0.372500,1.206514,0.306709
82.779698,0.200000,0.372500,1.181887,0.322583
82.879698,0.200000,0.372500,1.154725,0.316096
82.979698,0.200000,0.372500,1.126925,0.287486
83.079698,0.200000,0.374994,1.144583,0.301540
83.179698,0.200000,0.379993,1.192556,0.298319
83.279698,0.200000,0.392488,1.215009,0.272555
83.379698,0.200000,0.394997,1.231041,0.300944
83.479698,0.200000,0.395000,1.207396,0.283258
83.579698,0.200000,0.395000,1.173813,0.308195
83.679698,0.200000,0.395000,1.159024,0.308489
83.779698,0.200000,0.395000,1.148938,0.310284
83.879698,0.200000,0.395000,1.157229,0.330871
83.979698,0.200000,0.395000,1.170124,0.318442
84.079698,0.200000,0.395000,1.118931,0.305226
84.179698,0.200000,0.395000,1.051584,0.304710
84.279698,0.200000,0.395000,1.081117,0.313121
84.379698,0.200000,0.395000,1.134996,0.319455
84.479698,0.200000,0.395000,1.139604,0.324179
84.579698,0.200000,0.395000,1.131825,0.322210
84.679698,0.200000,0.395000,1.112685,0.330591
84.779698,0.200000,0.395000,1.090701,0.331951
84.879698,0.200000,0.395000,1.098941,0.326884
84.979698,0.200000,0.395000,1.114748,0.311299
85.079698,0.200000,0.395000,1.097427,0.327000
85.179698,0.200000,0.395000,1.071786,0.281407
85.279698,0.200000,0.395000,1.077842,0.308861
85.379698,0.200000,0.395000,1.104978,0.299514
85.479698,0.200000,0.395000,1.115438,0.313562
85.579698,0.200000,0.395000,1.121722,0.319227
85.679698,0.200000,0.395000,1.106788,0.327395
85.779698,0.200000,0.395000,1.086519,0.336881
85.879698,0.200000,0.395000,1.084583,0.330792
85.979698,0.200000,0.395000,1.087252,0.321794
86.079698,0.200000,0.395000,1.101038,0.307302
86.179698,0.200000,0.395000,1.117623,0.315715
86.279698,0.200000,0.395000,1.114997,0.327870
86.379698,0.200000,0.395000,1.107555,0.339421
86.479698,0.200000,0.395000,1.099914,0.331835
86.579698,0.200000,0.395000,1.092223,0.352900
86.679698,0.200000,0.395000,1.100302,0.350601
86.779698,0.200000,0.395000,1.112329,0.349731
86.879698,0.200000,0.395000,1.093990,0.356095
86.979698,0.200000,0.395000,1.068048,0.367203
87.079698,0.200000,0.395000,1.068286,0.354476
87.179698,0.200000,0.395000,1.075110,0.374322
87.279698,0.200000,0.395000,1.079145,0.358055
87.379698,0.200000,0.395000,1.081324,0.355626
87.479698,0.200000,0.395000,1.084292,0.373507
87.579698,0.200000,0.395000,1.087457,0.381366
87.679698,0.200000,0.395000,1.082498,0.392239
87.779698,0.200000,0.395000,1.075507,0.395213
87.879698,0.200000,0.395000,1.077237,0.381478
87.979698,0.200000,0.395000,1.081152,0.367970
88.079698,0.200000,0.395000,1.096198,0.364703
88.179698,0.200000,0.395000,1.114048,0.382647
88.279698,0.200000,0.395000,1.106200,0.388632
88.379698,0.200000,0.395000,1.091936,0.403838
88.479698,0.200000,0.395000,1.073898,0.406181
88.579698,0.200000,0.395000,1.054915,0.414301
88.679698,0.200000,0.395000,1.057109,0.399189
88.779698,0.200000,0.395000,1.064622,0.403067
88.879698,0.200000,0.395000,1.064438,0.387437
88.979698,0.200000,0.395000,1.062324,0.390538
89.079698,0.200000,0.395000,1.074209,0.370246
89.179698,0.200000,0.395000,1.095429,0.396176
89.279698,0.200000,0.395000,1.095003,0.396894
89.379698,0.200000,0.395000,1.089164,0.400562
89.479698,0.200000,0.395000,1.085387,0.383028
89.579698,0.200000,0.395000,1.082127,0.391378
89.679698,0.200000,0.395000,1.101129,0.390610
89.779698,0.200000,0.395000,1.125707,0.393150
89.879698,0.200000,0.395000,1.130228,0.406480
89.979698,0.200000,0.395000,1.129732,0.418231
90.079698,0.200000,0.395000,1.117979,0.379141
90.179698,0.200000,0.395000,1.098721,0.390582
90.279698,0.200000,0.395000,1.095983,0.400071
90.379698,0.200000,0.395000,1.097396,0.413580
90.479698,0.200000,0.395000,1.113825,0.398970
90.579698,0.200000,0.395000,1.134023,0.391958
90.679698,0.200000,0.399998,1.129254,0.407987
90.779698,0.200000,0.400000,1.118212,0.387126
90.879698,0.200000,0.400000,1.096667,0.410232
90.979698,0.200000,0.400000,1.072496,0.437178
91.079698,0.200000,0.400000,1.098085,0.452146
91.179698,0.200000,0.400000,1.136191,0.418975
91.279698,0.200000,0.400000,1.159865,0.381083
91.379698,0.200000,0.400000,1.179928,0.404158
91.479698,0.200000,0.400000,1.170278,0.414984
91.579698,0.200000,0.400000,1.153193,0.411340
91.679698,0.200000,0.400000,1.154019,0.382781
91.779698,0.200000,0.400000,1.159334,0.375914
91.879698,0.200000,0.395004,1.145581,0.381794
91.979698,0.200000,0.399994,1.127037,0.391574
92.079698,0.200000,0.395005,1.137439,0.408810
92.179698,0.200000,0.395000,1.155122,0.404709
92.279698,0.200000,0.395000,1.171761,0.362137
92.379698,0.200000,0.395000,1.188138,0.348583
92.479698,0.200000,0.395000,1.169010,0.367868
92.579698,0.200000,0.395000,1.140991,0.394906
92.679698,0.200000,0.395000,1.136590,0.401571
92.779698,0.200000,0.395000,1.138118,0.400952
92.879698,0.200000,0.395000,1.159249,0.366459
92.979698,0.200000,0.395000,1.185285,0.353866
93.079698,0.200000,0.395000,1.174296,0.371517
93.179698,0.200000,0.395000,1.154024,0.385516
93.279698,0.200000,0.395000,1.187580,0.348944
93.379698,0.200000,0.395000,1.234600,0.340869
93.479698,0.200000,0.395000,1.216133,0.380379
93.579698,0.200000,0.395000,1.181190,0.361031
93.679698,0.200000,0.395000,1.191752,0.360555
93.779698,0.200000,0.395000,1.213717,0.339478
93.879698,0.200000,0.395000,1.195439,0.350391
93.979698,0.200000,0.395000,1.167035,0.355999
94.079698,0.200000,0.395000,1.185798,0.355555
94.179698,0.200000,0.395000,1.236014,0.374785
94.279698,0.200000,0.395000,1.241642,0.366583
94.379698,0.200000,0.395000,1.236106,0.373921
94.479698,0.200000,0.399993,1.213578,0.359444
94.579698,0.200000,0.400000,1.186790,0.350760
94.679698,0.200000,0.400000,1.189358,0.349286
94.779698,0.200000,0.400000,1.199271,0.349959
94.879698,0.200000,0.400000,1.200288,0.356636
94.979698,0.200000,0.400000,1.199072,0.377323
95.079698,0.200000,0.400000,1.199980,0.373317
95.179698,0.200000,0.400000,1.202308,0.368928
95.279698,0.200000,0.400000,1.215661,0.369171
95.379698,0.200000,0.395003,1.236370,0.373840
95.479698,0.200000,0.395000,1.230554,0.375973
95.579698,0.200000,0.399993,1.218097,0.360855
95.679698,0.200000,0.400000,1.225480,0.352387
95.779698,0.200000,0.400000,1.237835,0.359358
95.879698,0.200000,0.400000,1.213150,0.361102
95.979698,0.200000,0.400000,1.179186,0.365165
96.079698,0.200000,0.400000,1.199731,0.366346
96.179698,0.200000,0.400000,1.233964,0.353969
96.279698,0.200000,0.400000,1.220162,0.357576
96.379698,0.200000,0.400000,1.194338,0.349108
96.479698,0.200000,0.400000,1.211674,0.355215
96.579698,0.200000,0.400000,1.239853,0.364919
96.679698,0.200000,0.400000,1.231837,0.366225
96.779698,0.200000,0.400000,1.199698,0.365312
96.879698,0.200000,0.400000,1.178950,0.377008
96.979698,0.200000,0.400000,1.161066,0.368890
97.079698,0.200000,0.400000,1.189723,0.367750
97.179698,0.200000,0.400000,1.230049,0.366344
97.279698,0.200000,0.400000,1.234205,0.358753
97.379698,0.200000,0.404994,1.214290,0.358766
97.479698,0.200000,0.407497,1.206175,0.354776
97.579698,0.200000,0.407500,1.201030,0.351856
97.679698,0.200000,0.407500,1.225465,0.350902
97.779698,0.200000,0.407500,1.257297,0.365427
97.879698,0.200000,0.407500,1.237106,0.381359
97.979698,0.200000,0.407500,1.203888,0.371710
98.079698,0.200000,0.407500,1.190906,0.358207
98.179698,0.200000,0.407500,1.183018,0.356097
98.279698,0.200000,0.407500,1.189092,0.344931
98.379698,0.200000,0.407500,1.198675,0.327934
98.479698,0.200000,0.409998,1.190156,0.343980
98.579698,0.200000,0.067983,1.177080,0.342537
98.679698,0.200000,0.000075,1.184561,0.307899
98.779698,0.200000,0.000000,1.205724,0.221062
98.879698,0.200000,0.000000,1.138856,0.142168
98.979698,0.200000,0.000000,1.013380,0.111368
99.079698,0.200000,0.000000,1.004304,0.136329
99.179698,0.200000,0.000000,1.072975,0.120070
99.279698,0.200000,0.000000,1.113235,0.085937
99.379698,0.200000,0.000000,1.146366,0.058495
99.479698,0.200000,0.000000,1.198470,0.064333
99.579698,0.200000,0.000000,1.255334,0.070068
99.679698,0.200000,0.000000,1.267697,0.066130
99.779698,0.202498,0.000000,1.268861,0.062625
99.879698,0.200003,0.000000,1.286539,0.057060
99.979698,0.202496,0.000000,1.308364,0.029914
100.079698,0.200002,0.000000,1.311852,0.029431
100.179698,0.202497,0.000000,1.310720,0.035843
100.279698,0.202500,0.000000,1.307031,0.028535
100.379698,0.202500,0.000000,1.301640,0.025216
100.479698,0.202500,0.000000,1.289940,0.032003
100.579698,0.200003,0.000000,1.276657,0.031449
100.679698,0.202498,0.000000,1.295687,0.057048
100.779698,0.202500,0.000000,1.322823,0.065217
100.879698,0.202500,0.000000,1.322553,0.032859
100.979698,0.202500,0.000000,1.315425,0.021716
101.079698,0.202500,0.000000,1.296156,0.013599
101.179698,0.200002,0.000000,1.268795,0.020714
101.279698,0.202498,0.000000,1.265143,0.072898
101.379698,0.200002,0.000000,1.267457,0.076305
101.479698,0.200000,0.000000,1.271390,0.061256
101.579698,0.202498,0.000000,1.275729,0.044766
101.679698,0.200002,0.000000,1.315774,0.006937
101.779698,0.200000,0.000000,1.364806,-0.041438
101.879698,0.202497,0.000000,1.331633,-0.046694
101.979698,0.200004,0.000000,1.277869,-0.016014
102.079698,0.202497,0.000000,1.291199,0.004083
102.179698,0.200003,0.000000,1.321415,0.025019
102.279698,0.200000,0.000000,1.316054,0.029615
102.379698,0.202498,0.000000,1.301782,0.023042
102.479698,0.202500,0.000000,1.304022,0.026829
102.579698,0.202500,0.000000,1.310395,0.038489
102.679698,0.202500,0.000000,1.294187,0.017108
102.779698,0.202500,0.000000,1.272316,0.003933
102.879698,0.202500,0.000000,1.302579,0.001550
102.979698,0.202500,0.000000,1.345951,0.002856
103.079698,0.202500,0.000000,1.345875,0.013113
103.179698,0.202500,0.000000,1.316810,0.010311
103.279698,0.202500,0.000000,1.305599,0.026470
103.379698,0.202500,0.000000,1.298888,0.024530
103.479698,0.202500,0.000000,1.321417,-0.005451
103.579698,0.202500,0.000000,1.363424,-0.009627
103.679698,0.202500,0.000000,1.352782,0.008397
103.779698,0.202500,0.000000,1.328935,0.004206
103.879698,0.202500,0.000000,1.331744,-0.004407
103.979698,0.202500,0.000000,1.341235,0.035931
104.079698,0.202500,0.000000,1.324875,0.053680
104.179698,0.202500,0.000000,1.302026,0.047713
104.279698,0.202500,0.000000,1.301201,0.039578
104.379698,0.202500,0.000000,1.305910,0.013350
104.479698,0.202500,0.000000,1.311248,0.002179
104.579698,0.190012,0.000000,1.316744,-0.008032
104.679698,0.147539,0.000000,1.298085,-0.008097
104.779698,0.127518,0.000000,1.273361,-0.000104
104.879698,0.087544,0.000000,1.226123,-0.014449
104.979698,0.000152,0.000000,1.173253,-0.023863
105.079698,0.000000,0.000000,1.109742,-0.025660
105.179698,0.000000,0.000000,1.043556,-0.033060
105.279698,0.000000,0.000000,0.989053,-0.047799
105.379698,0.000000,0.000000,0.937488,-0.071028
105.479698,0.000000,0.000000,0.931829,-0.057846
105.579698,0.000000,0.000000,0.937695,-0.055635
105.679698,0.000000,0.000000,0.921204,-0.101268
105.779698,0.000000,0.000000,0.899116,-0.136849
105.879698,0.000000,0.000000,0.890600,-0.094085
105.979698,0.000000,0.000000,0.891107,-0.010840
106.079698,0.000000,0.000000,0.856257,0.014191
106.179698,0.000000,0.000000,0.797819,-0.021153
106.279698,0.000000,0.000000,0.786808,-0.053568
106.379698,0.000000,0.000000,0.807366,-0.052674
106.479698,0.000000,0.000000,0.771063,-0.042495
106.579698,0.099861,0.000000,0.720404,-0.032526
106.679698,0.104990,0.000000,0.711045,-0.010050
106.779698,0.107496,0.000000,0.712049,0.002092
106.879698,0.117487,0.000000,0.686959,0.000152
106.979698,0.142458,0.000000,0.644469,-0.006230
107.079698,0.162467,0.000000,0.633077,-0.023690
107.179698,0.162500,0.000000,0.642472,-0.041527
107.279698,0.192465,0.000000,0.662696,-0.034904
107.379698,0.202489,0.000000,0.690169,-0.000076
107.479698,0.204998,0.000000,0.765673,0.031333
107.579698,0.237461,0.000000,0.853288,0.044967
107.679698,0.242495,-0.082412,0.921643,0.063437
107.779698,0.242500,-0.184872,0.985165,0.084864
107.879698,0.242500,-0.559763,1.099431,0.043334
107.979698,0.242500,-0.956762,1.226455,-0.083480
108.079698,0.242500,-0.999932,1.279414,-0.253040
108.179698,0.242500,-1.000000,1.313795,-0.360379
108.279698,0.242500,-1.000000,1.325111,-0.400837
108.379698,0.242500,-1.000000,1.330654,-0.406065
108.479698,0.242500,-1.000000,1.328089,-0.419550
108.579698,0.240004,-1.000000,1.323489,-0.436487
108.679698,0.240000,-1.000000,1.353494,-0.461338
108.779698,0.240000,-1.000000,1.392159,-0.478580
108.879698,0.240000,-1.000000,1.364729,-0.501085
108.979698,0.242496,-1.000000,1.320753,-0.509892
109.079698,0.242500,-1.000000,1.331829,-0.513411
109.179698,0.242500,-1.000000,1.356810,-0.515958
109.279698,0.242500,-1.000000,1.366391,-0.516205
109.379698,0.242500,-1.000000,1.372104,-0.516037
109.479698,0.242500,-1.000000,1.386708,-0.503725
109.579698,0.242500,-1.000000,1.403550,-0.491329
109.679698,0.242500,-1.000000,1.396607,-0.488117
109.779698,0.247492,-1.000000,1.383705,-0.489831
109.879698,0.249997,-1.000000,1.374736,-0.492862
109.979698,0.257486,-1.000000,1.366751,-0.498183
110.079698,0.269980,-1.000000,1.399165,-0.499397
110.179698,0.277486,-1.000000,1.441739,-0.507707
110.279698,0.294990,-1.000000,1.446706,-0.515164
110.379698,0.302492,-1.000000,1.442268,-0.547076
110.479698,0.302500,-1.000000,1.460604,-0.592117
110.579698,0.302500,-1.000000,1.494098,-0.625169
110.679698,0.302500,-1.000000,1.524732,-0.645995
110.779698,0.302500,-1.000000,1.554647,-0.660900
110.879698,0.302500,-1.000000,1.569393,-0.661111
110.979698,0.302500,-1.000000,1.580332,-0.651946
111.079698,0.302500,-1.000000,1.547413,-0.656565
111.179698,0.302500,-1.000000,1.503429,-0.655828
111.279698,0.302500,-1.000000,1.504998,-0.638639
111.379698,0.302500,-1.000000,1.517974,-0.630819
111.479698,0.302500,-0.882670,1.526135,-0.637722
111.579698,0.302500,-0.001253,1.533090,-0.613809
111.679698,0.302500,0.184752,1.494446,-0.449835
111.779698,0.302500,0.444870,1.444374,-0.126634
111.879698,0.302500,0.629867,1.420128,0.189959
111.979698,0.302500,0.652470,1.402340,0.395564
112.079698,0.302500,0.694966,1.369392,0.468998
112.179698,0.302500,0.612572,1.332632,0.492261
112.279698,0.302500,0.000539,1.320148,0.507698
112.379698,0.302500,0.000000,1.313769,0.411082
112.479698,0.304996,0.000000,1.306166,0.220337
112.579698,0.312494,0.000000,1.298255,0.112488
112.679698,0.312500,0.000000,1.281467,0.086448
112.779698,0.339960,0.000000,1.262460,0.114803
112.879698,0.364964,0.000000,1.373289,0.123733
112.979698,0.369991,0.000000,1.516664,0.111855
113.079698,0.372494,0.000000,1.626215,0.085359
113.179698,0.372500,-0.359481,1.713086,0.034597
113.279698,0.374999,-0.372493,1.783867,-0.090253
113.379698,0.387479,-0.372500,1.850613,-0.264286
113.479698,0.389997,-0.657124,1.914408,-0.376486
113.579698,0.390000,-0.627531,1.977463,-0.543012
113.679698,0.390000,-0.490077,1.981361,-0.678514
113.779698,0.382506,-0.000416,1.970415,-0.639022
113.879698,0.380002,0.124886,1.952371,-0.403296
113.979698,0.380000,0.107524,1.932548,-0.037880
114.079698,0.380000,0.272369,1.893008,0.208785
114.179698,0.380000,0.417388,1.840301,0.333597
114.279698,0.380000,0.417500,1.837263,0.463570
114.379698,0.380000,0.147937,1.846681,0.519163
114.479698,0.380000,0.000202,1.851869,0.413309
114.579698,0.380000,0.000000,1.855996,0.202923
114.679698,0.380000,0.262164,1.895151,0.086238
114.779698,0.380000,0.047775,1.943086,0.148326
114.879698,0.380000,0.000024,1.946541,0.204416
114.979698,0.380000,0.000000,1.938820,0.123921
115.079698,0.380000,0.000000,1.960253,0.057893
115.179698,0.380000,0.000000,1.989003,0.039015
115.279698,0.380000,0.000000,2.016351,0.042189
115.379698,0.380000,-0.009985,2.042766,0.018441
115.479698,0.380000,-0.052459,2.053714,0.019316
115.579698,0.380000,-0.169924,2.060761,-0.014693
115.679698,0.380000,-0.000083,2.080358,-0.106200
115.779698,0.380000,0.000000,2.103108,-0.138280
115.879698,0.380000,0.000000,2.098857,-0.038328
115.979698,0.380000,0.000000,2.087837,0.064827
116.079698,0.380000,0.000000,2.093714,0.086754
116.179698,0.380000,0.000000,2.103838,0.090131
116.279698,0.380000,0.074882,2.114129,0.082362
116.379698,0.382497,0.139914,2.124532,0.081711
116.479698,0.382500,0.144997,2.112837,0.171888
116.579698,0.382500,0.080064,2.095608,0.262999
116.679698,0.382500,0.080000,2.117684,0.231012
116.779698,0.382500,0.000054,2.149594,0.166089
116.879698,0.382500,0.000000,2.169363,0.109887
116.979698,0.387493,0.000000,2.186071,0.070797
117.079698,0.387500,0.000000,2.191916,0.061718
117.179698,0.387500,-0.307337,2.190521,0.056737
117.279698,0.387500,-0.344968,2.221349,-0.033546
117.379698,0.387500,-0.342503,2.260274,-0.261109
117.479698,0.387500,-0.255117,2.363020,-0.411456
117.579698,0.387500,-0.100215,2.481750,-0.483962
117.679698,0.387500,-0.062534,2.483565,-0.369735
117.779698,0.387500,-0.062500,2.456129,-0.175466
117.879698,0.387500,-0.000071,2.485996,-0.063229
117.979698,0.382510,0.000000,2.530243,0.027572
118.079698,0.382500,0.000000,2.523003,0.032575
118.179698,0.382500,0.000000,2.502822,0.059159
118.279698,0.382500,0.000000,2.541097,0.078383
118.379698,0.382500,0.000000,2.594015,0.094246
118.479698,0.382500,0.000000,2.638344,0.070624
118.579698,0.382500,0.000000,2.676952,0.042671
118.679698,0.370003,0.000000,2.749250,0.065371
118.779698,0.350013,0.000000,2.830004,0.081567
118.879698,0.307553,0.000000,2.877336,0.097328
118.979698,0.267570,0.000000,2.916301,0.069577
119.079698,0.247531,0.000000,2.924838,0.069241
119.179698,0.205069,0.000000,2.913098,0.050810
119.279698,0.165056,0.000000,2.845848,0.029415
119.379698,0.145031,0.000000,2.764696,-0.023437
119.479698,0.105042,0.000000,2.583492,-0.038949
119.579698,0.000063,0.000000,2.377193,-0.032596
119.679698,0.000000,0.000000,2.193553,-0.033197
119.779698,0.000000,0.000000,2.015584,0.006773
119.879698,0.000000,0.000000,1.835514,0.034098
119.979698,0.000000,0.000000,1.654917,0.048360
120.079698,0.000000,0.000000,1.486145,0.033943
120.179698,0.000000,0.000000,1.320359,0.017546
120.279698,0.000000,0.000000,1.197680,0.015058
120.379698,0.000000,0.067456,1.085825,0.026709
120.479698,0.000000,0.067500,1.000429,0.043031
120.579698,0.000000,0.000094,0.932652,0.053991
120.679698,0.000000,0.000000,0.850920,0.038891
120.779698,0.000000,0.000000,0.765686,0.018253
120.879698,0.000000,0.000000,0.785811,-0.000424
120.979698,0.000000,0.000000,0.832337,0.013168
121.079698,0.000000,0.000000,0.841505,0.028004
121.179698,0.000000,0.000000,0.841259,0.026806
121.279698,0.000000,0.000000,0.849000,0.020153
121.379698,0.000000,0.000000,0.858742,0.021028
121.479698,0.000000,0.000000,0.845882,0.007878
121.579698,0.000000,0.000000,0.827345,0.009462
121.679698,0.000000,0.000000,0.825926,0.016414
121.779698,0.000000,0.000000,0.828806,0.016823
121.879698,0.000000,0.000000,0.817318,0.013446
121.979698,0.000000,0.000000,0.802213,0.016272
122.079698,0.000000,0.000000,0.762156,0.016798
122.179698,0.000000,0.000000,0.715814,0.018239
122.279698,0.000000,0.000000,0.687275,0.011180
122.379698,0.000000,0.000000,0.663202,-0.002610
122.479698,0.000000,0.000000,0.638360,-0.007672
122.579698,0.000000,0.000000,0.613325,-0.003686
122.679698,0.000000,0.000000,0.580081,-0.003027
122.779698,0.000000,0.000000,0.544775,0.001900
122.879698,0.000000,0.000000,0.536349,0.005603
122.979698,0.000000,0.000000,0.534650,0.007552
123.079698,0.000000,0.000000,0.538887,0.010708
123.179698,0.000000,0.000000,0.544619,0.006639
123.279698,0.000000,0.000000,0.549939,-0.001110
123.379698,0.000000,0.000000,0.555155,-0.004308
123.479698,0.000000,0.000000,0.564968,-0.005918
123.579698,0.000000,0.000000,0.575937,-0.011217
123.679698,0.000000,0.000000,0.553797,-0.008399
123.779698,0.000000,0.000000,0.523360,0.000352
123.879698,0.000000,0.000000,0.521024,-0.002794
123.979698,0.000000,0.000000,0.525729,-0.007316
124.079698,0.000000,0.000000,0.486590,-0.001952
124.179698,0.000000,0.000000,0.436438,0.004453
124.279698,0.000000,0.000000,0.440510,0.001940
124.379698,0.000000,0.000000,0.458159,-0.005927
124.479698,0.000000,0.000000,0.462840,-0.016851
124.579698,0.000000,0.000000,0.464274,-0.022100
124.679698,0.000000,0.000000,0.455221,-0.018202
124.779698,0.000000,0.000000,0.443532,-0.019728
124.879698,0.000000,0.000000,0.436102,-0.029058
124.979698,0.000000,0.000000,0.429742,-0.028243
125.079698,0.000000,0.000000,0.416703,-0.017474
125.179698,0.000000,0.000000,0.399217,-0.013250
125.279698,0.000000,0.000000,0.388024,-0.021109
125.379698,0.000000,0.000000,0.381022,-0.030344
125.479698,0.000000,0.000000,0.420388,-0.037061
125.579698,0.000000,0.000000,0.471395,-0.034131
125.679698,0.000000,0.000000,0.442946,-0.023351
125.779698,0.000000,0.000000,0.394588,-0.020603
125.879698,0.000000,0.000000,0.380537,-0.022792
125.979698,0.000000,0.000000,0.389287,-0.019843
126.079698,0.000000,0.000000,0.384023,-0.020687
126.179698,0.000000,0.000000,0.375241,-0.026413
126.279698,0.000000,0.000000,0.379272,-0.024338
126.379698,0.000000,0.000000,0.391828,-0.023101
126.479698,0.000000,0.000000,0.371046,-0.030762
126.579698,0.000000,0.000000,0.328042,-0.035217
126.679698,0.000000,0.000000,0.321473,-0.034242
126.779698,0.000000,0.000000,0.339182,-0.033906
126.879698,0.000000,0.000000,0.338864,-0.028324
126.979698,0.000000,0.000000,0.326555,-0.020668
127.079698,0.000000,0.000000,0.349893,-0.027468
127.179698,0.000000,0.000000,0.397069,-0.041940
127.279698,0.000000,0.000000,0.391240,-0.043877
127.379698,0.000000,0.000000,0.350015,-0.041178
127.479698,0.000000,0.000000,0.328506,-0.040113
127.579698,0.000000,0.000000,0.320122,-0.035283
127.679698,0.000000,0.000000,0.318337,-0.032265
127.779698,0.000000,0.000000,0.320955,-0.030895
127.879698,0.000000,0.000000,0.313032,-0.033586
127.979698,0.000000,0.000000,0.298087,-0.041056
128.079698,0.000000,0.000000,0.301937,-0.042173
128.179698,0.000000,0.000000,0.310519,-0.032863
128.279698,0.000000,0.000000,0.294143,-0.026351
128.379698,0.000000,0.000000,0.271520,-0.030389
128.479698,0.000000,0.000000,0.270976,-0.033209
128.579698,0.000000,0.000000,0.285106,-0.032107
128.679698,0.000000,0.000000,0.286830,-0.038684
128.779698,0.000000,0.000000,0.280263,-0.043027
128.879698,0.000000,0.000000,0.280226,-0.036053
128.979698,0.000000,0.000000,0.284546,-0.027222
129.079698,0.000000,0.000000,0.283307,-0.022886
129.179698,0.000000,0.000000,0.278361,-0.019204
129.279698,0.000000,0.000000,0.275437,-0.019638
129.379698,0.000000,0.000000,0.273860,-0.029068
129.479698,0.000000,0.000000,0.264381,-0.026865
129.579698,0.000000,0.000000,0.252905,-0.007741
129.679698,0.000000,0.000000,0.248736,0.001853
129.779698,0.000000,0.000000,0.246404,-0.010980
129.879698,0.000000,0.000000,0.238978,-0.028078
129.979698,0.000000,0.000000,0.230278,-0.035243
